parish,burials_0,burials_1,burials_2,burials_3,burials_4,burials_5,burials_6,burials_7,burials_8,burials_9,burials_10,burials_11,burials_12,burials_13,burials_14,burials_15,burials_16,burials_17,burials_18,burials_19,burials_20,burials_21,burials_22,burials_23,burials_24,burials_25,burials_26,burials_27,burials_28,burials_29,burials_30,burials_31,burials_32,burials_33,burials_34,burials_35,burials_36,burials_37,burials_38,burials_39,burials_40,burials_41,burials_42,burials_43,burials_44,burials_45,burials_46,burials_47,burials_48,burials_49,burials_50,burials_51
St ALban Woodstreet,,2,,,,,,,,,,,,,,,,,,,,,,,3,4,1,3,5,4,2,1,9,8,11,16,12,12,23,10,16,17,5,5,2,3,2,2,2,,1,1
Alhallows Barking,2,1,4,4,2,5,4,3,4,2,2,3,,1,2,5,1,3,,3,2,3,3,1,,1,2,4,2,4,2,4,8,10,13,25,31,42,4,52,46,39,31,17,19,22,12,7,8,,1,2
Alhallows Breadstreet,1,,,1,1,1,1,,1,,,,2,1,,,,,,,,,,2,,,,1,,,,,,2,,2,2,,4,3,1,2,1,,,,1,,,,,
Alhaâ€¢â€¢ows Great,,,,,,,,,,,,,,,,,,,,,,,,,,,,,,,,,,,,,,,,,,,,,,,,,,,,
Alhallows Honylane,,,,,,,,,,,,1,,2,1,,,,,,,,,,,,,,,,,,,1,,1,,1,1,,,1,,,,,,,,,,
Alâ€¢â€¢llows Lesse,2,,,,,,,,,,,,,,,,,,,,,,,,,,,,,,,,,,,,,,,,,,,,,,,,,,,
Aâ€¢â€¢allows Lumbardstreet,2,,,,,,,,,,,,,,,,,,,,,,,,,,,,,,,,,,,,,,,,,,,,,,,,,,,
Alhâ€¢llows Staining,,,,,,,,,,,,,,,,,,,,,,,,,,,,,,,,,,,,,,,,,,,,,,,,,,,,
Aâ€¢â€¢allows the Wall,,,,,,,,,,,,,,,,,,,,,,,,,,,,,,,,,,,,,,,,,,,,,,,,,,,,
St Alphage,,,3,,2,1,3,2,,,,1,,1,,,,3,,,2,3,2,,,1,,,1,1,4,3,14,16,18,38,40,31,25,11,13,8,5,5,4,1,2,4,,1,1,1
St Andrew Hubbard,1,1,1,1,,1,1,,,,1,,2,,,,2,,1,,,,1,,,1,1,1,,1,4,1,1,,1,1,6,2,6,3,4,4,2,2,2,6,2,2,,1,3,
St Andrew Undershaft,1,2,2,3,,,,,4,,,2,1,1,1,,2,1,,1,,,,,1,,2,1,3,1,6,10,9,13,14,18,30,25,25,26,16,10,11,5,4,9,4,2,1,1,,4
St Andrew Wardrobe,3,4,3,4,1,,2,2,1,3,1,,1,5,1,1,,3,5,1,1,,,3,2,1,2,2,1,5,6,2,11,24,21,35,48,46,63,50,30,23,13,8,6,8,5,4,2,,1,4
St Ann Aldersgate,1,,1,1,,3,2,1,1,,,3,,1,,2,,,2,,,1,,,1,,,,1,2,,5,5,15,18,21,30,31,33,20,28,15,10,6,2,5,4,4,1,,2,3
St Ann Blackfryers,,4,2,1,5,2,2,2,2,2,2,,2,2,4,4,3,,1,1,2,3,3,3,4,1,2,1,7,10,19,10,21,11,22,41,47,64,79,39,57,61,30,17,9,18,13,5,6,3,2,1
St Antholins Parish,,,1,1,,1,,2,1,,3,,1,,,,,1,,1,,1,,,,1,,,1,,,,,1,,4,10,2,6,8,7,1,2,,,,,1,1,,,
St Austins Parish,,,2,,1,1,1,,,1,,,,,,,,,,,1,1,1,1,,,1,1,,1,1,,,2,,3,1,4,2,5,4,5,1,,,,,1,,1,,
St Bartholomew Exchange,,,,,,,,,,,,,,,,,,,,,,,,,,,1,1,1,,,,2,1,2,4,2,6,3,6,7,4,4,5,2,2,4,3,2,1,,
St Bennet Fynck,,2,,3,,,,,,,,,,1,1,1,,,1,,,,,,,1,1,1,,,,,1,1,2,2,5,5,1,2,4,2,5,2,,2,1,,,,,
St Bennet Gracechurch,,,,,1,,,,,,,,,1,1,,,,,,,1,,,,,,,2,,,1,,3,,1,1,5,5,3,4,11,4,2,,1,2,,2,1,2,2
St Bennet Paulswharf,3,2,4,1,,,3,,2,1,,,,1,,,,,,,,,,4,3,6,1,6,7,6,10,6,9,13,16,41,30,30,35,30,15,22,10,6,2,7,3,1,1,2,2,2
St Bennet Sherehog,,1,,,,2,,,,,,,,,,,,,1,,1,,,,,,,,,,,,,,,,,,1,1,2,,,1,,,,,,,,1
St Botolph Billingsgate,,2,,,1,,,,,,,,,,2,,1,,,,2,1,1,,1,2,,,,,,,,1,2,2,3,5,4,3,8,4,7,3,6,5,6,4,1,,1,2
Christs Church,2,1,,,,,,6,4,2,,,7,1,,,,,1,1,,,1,4,1,2,,,5,12,,,22,31,27,43,68,43,,,44,34,,,8,13,,,12,,,
St Christophers,,,,,,,,,,,,,,,1,,,1,1,1,,,,,,,,,,1,1,3,,4,1,,8,4,6,6,4,6,3,4,,2,1,,,1,1,
St Clement Eastcheap,,,,1,,,,,,1,,,,,,,1,1,,1,1,,,,,,,,,,1,,1,1,2,1,3,3,3,1,1,2,,2,1,3,3,1,1,,,2
St Dionis Backchurch,1,1,,,1,,2,,,1,,,,,1,,,,,2,,,1,,1,,,,1,,,2,2,2,2,3,1,2,10,5,9,7,3,2,5,,,2,3,,,1
St Dunstan East,1,3,3,,,,,,,,,,,,,,,,,,,,,,2,3,1,5,2,2,1,2,,3,7,9,11,13,20,21,28,28,21,10,4,7,5,4,8,2,3,6
St Edmund Lumbardstr,1,,,,,,,,,,,,,,,,,,,,,,,,,,,,,,,,,,,,,,,,,,,,,,,,,,,
St Ethelborough,1,,,,,1,,,,,1,1,,,3,1,1,,,,,,,,,1,,1,2,3,17,4,10,17,13,23,13,18,16,11,7,10,2,5,,1,3,2,1,,,
St Faith,,,,,,,,,,,,,,,,,,,,,,,,,,,,1,1,3,,,2,,6,1,7,11,7,13,8,13,6,3,3,2,2,,1,2,1,2
St Foster,3,,,1,,,,,,,,,,,,,,,,,,,,,,1,,1,,,3,2,7,10,13,14,14,9,10,10,8,7,6,2,1,,3,2,1,,,3
St Gabriel Fenchurch,,,1,1,,,,,1,,,,,1,1,,,,2,1,,,,,2,,,2,,,,1,,2,1,,4,1,6,7,3,5,6,2,4,4,6,2,,1,,1
Buried in the 97 Parishes within the Walls 60 Plague 0,,,,,,,,,,,,,,,,,,,,,,,,,,,,,,,,,,,,,,,,,,,,,,,,,,,,
St Andrew Holborn,19,17,25,18,,,,,,,,,,,,,,,,,,,,,20,24,37,48,66,117,163,216,198,287,,399,356,,271,202,173,147,68,46,40,,38,25,15,14,13,13
St Bartholomew Great,5,,,1,1,3,,4,2,6,2,,,1,,,,,,,,,,,2,4,1,4,4,13,15,14,30,64,58,72,48,,21,20,17,6,9,,3,4,1,3,2,1,,3
St Bartholomew Lesse,2,2,,1,2,,2,,,,,,2,,,,,,,,,,,,,,1,2,,5,2,5,12,9,19,12,23,19,14,11,7,7,5,6,6,,4,2,1,1,,1
St Bridget,,6,11,12,,,,,,,,,,,,,,,,,,,,,14,7,16,20,24,31,59,53,81,103,,181,219,177,236,117,92,110,63,24,29,24,18,14,11,6,7,7
Bridewel Precinct,1,,,1,1,2,,,,,,4,,,2,,,1,1,,1,,2,,,1,,2,,,7,2,7,4,7,12,18,22,32,26,23,20,6,3,5,,1,2,2,3,,2
St Botolph Aldersgate,2,6,1,,9,3,4,5,2,5,7,,6,3,2,1,3,3,4,2,3,7,4,,3,3,4,8,11,8,35,37,57,61,70,91,93,70,68,67,71,42,33,16,13,,6,7,,2,7,9
"Buried in the 16 Parishes without the Walls, and at the Pesthouse 125 Plague 0",,,,,,,,,,,,,,,,,,,,,,,,,,,,,,,,,,,,,,,,,,,,,,,,,,,,
St Gileâ€¢ in the fields,14,,,,,,,,,,,,,,,,,,,,,,,,,,185,,,,,,290,,,,,,,,,,,,,,,,,,,
Hackney Parish,,6,,3,1,2,1,,3,,,,,2,1,3,4,3,,,3,3,,,,2,2,2,,2,7,6,10,5,12,10,,11,,8,14,8,14,6,3,,2,4,4,1,3,4
St James Clerkenwel,8,9,7,9,15,12,,6,,10,,,10,3,,12,,,13,4,,3,9,,13,17,13,34,65,89,143,â€¢03,148,155,172,142,137,94,77,76,48,43,25,15,13,,12,8,9,5,3,5
St Kath. near the Tower,4,1,6,3,,,,,,,,,,,,,,,,,,,,,9,4,6,1,5,6,11,10,16,24,40,,117,97,93,78,55,63,38,6,21,,14,9,7,9,5,7
Buried in the 12 out Parishes in Middlesex and Surry 67 Plague 1,,,,,,,,,,,,,,,,,,,,,,,,,,,,,,,,,,,,,,,,,,,,,,,,,,,,
St Clement Danes,8,12,8,9,17,8,10,9,12,10,10,,8,12,,6,12,,13,16,10,,10,15,14,19,28,33,29,31,62,60,61,74,94,110,142,124,168,152,128,118,75,36,23,38,32,15,11,4,14,10
St Paul Covent Garden,,,3,3,,,3,6,4,5,,,3,2,,3,,,5,2,,,4,2,2,2,5,4,,5,13,13,20,13,18,24,32,29,30,19,25,15,16,13,6,5,5,5,4,4,3,4
St George Borolphlane,,,,,,,,,,,,,,,,,,,,,,,,,,,,,,,,,,,,,,,,,,,,,,,,,,,,
St Gregory by St Pauls,2,4,2,2,,,,,,,,,,,,,,,,,,,,,3,,,5,,6,12,9,12,15,9,32,22,28,32,31,26,22,13,5,6,9,8,4,3,1,1,2
St Hellen,,,1,,,,,,,,,,,,,,,,,,,,,,,2,,,2,,2,1,3,11,11,7,10,8,8,4,6,2,4,,3,1,,1,1,1,,1
St James Dukes place,1,1,1,2,,1,2,1,,,,1,,1,1,2,1,,1,2,3,,1,2,2,1,1,1,1,1,,6,7,9,7,9,8,22,29,24,27,30,21,10,9,4,3,1,2,1,2,
St James Garlickhithe,,1,1,,,1,2,1,2,,1,,,5,1,,,1,1,2,,,2,,1,,,1,1,1,2,1,,3,3,6,7,12,13,14,16,12,19,9,7,10,12,5,3,1,6,1
St John Baptist,1,1,1,,1,,,2,1,2,2,1,3,,2,,2,2,,,,1,,2,,,,,,,1,1,2,1,7,6,10,3,7,10,11,11,7,4,3,8,9,5,4,1,3,
St John Evangelist,,,,,1,1,,,1,,,,,,1,,,,,2,,,,,1,,,,,,,,,,,,,,,,,,,,2,,,,,,,
St John Zachary,,1,,,,,,4,,,1,,,2,,2,,1,,,,,1,,,1,1,1,,2,2,1,1,2,1,1,8,3,3,9,12,5,7,6,2,1,3,,,1,,
St Katharine Coleman,,,1,2,3,2,1,1,,2,3,1,2,2,,1,,1,2,,,,2,2,,2,,1,1,2,2,,,,5,9,17,26,44,36,20,34,28,10,6,6,7,8,1,,1,4
St Katharine Crechurch,,,1,2,,,,,,,,,,,,,,,,,,,,,,1,1,3,,1,1,,2,3,7,8,23,42,35,30,34,24,14,13,7,12,15,8,5,2,4,9
St Lawrence Jewry,1,,1,1,,1,,,,1,1,,,,1,2,,,1,2,,2,1,2,,1,,,,,1,,3,7,2,12,6,3,8,7,6,4,4,1,1,2,2,,,4,,1
St Lawrence Pountney,,,1,,1,1,1,3,,,,,,,1,,,1,1,,,,1,2,1,,1,1,,2,,1,1,6,6,18,20,17,22,17,14,17,18,9,5,11,5,3,1,1,1,2
St Leonard Eastcheap,,1,,,,1,,,,1,,,,1,,,,1,,,,,,,,,,1,,,2,,,,1,,2,2,5,3,3,5,4,4,1,2,2,,,,,
St Leonard Fosterlane,,1,3,2,1,2,4,,3,3,1,3,1,2,,,,3,1,,,,,3,1,,,,,2,2,6,11,13,17,34,35,23,34,30,16,36,6,7,4,5,6,3,2,3,1,1
St Magnus Parish,1,3,,1,,,,,,1,6,,,1,,1,,1,2,,,,,1,1,1,,1,1,,3,2,3,8,2,4,8,9,7,3,5,5,6,5,3,2,3,1,1,,,
St Margaret Lothbury,,1,,1,4,2,1,1,,1,,2,1,,,1,,1,,1,,1,,,,,1,,,1,1,,9,3,2,1,10,7,8,6,7,6,3,4,3,4,3,1,,,2,
St Margaret Moses,,1,,,,1,,,,1,,,1,1,,1,,,,,,1,,,,,,,,,,,,1,1,3,3,3,5,3,,,3,,4,1,1,,1,,,2
St Margaret Newfishstreet,1,,,,,,,,,,,,,,,,,,,,,,,,,,,,,1,,,,,1,,9,9,,,18,8,,,2,9,,,,,,
St Margaret Pattons,,,,1,,,,,,,,1,,,1,,,,,,,1,,,,1,,,,,,,1,,1,1,,8,5,5,4,8,4,1,1,2,1,,,,,1
St Mary Abchurch,,1,1,,,1,1,,1,,,,,,1,,,1,,,,,,,1,,1,1,1,1,,1,2,1,1,5,5,5,13,6,7,5,13,5,,4,5,,,1,5,2
St Mary Aldermanbury,,,2,2,2,,,2,,,,,,2,1,2,2,,,1,,,1,1,,,,2,,,5,6,5,9,11,11,15,12,20,19,14,7,7,3,4,7,3,,,1,,2
St Mary Aldermary,1,2,1,1,,,,,1,,,,,,,1,,,,1,1,1,,,1,,,,,1,1,1,5,2,2,8,7,9,11,13,4,8,4,1,,9,,3,4,1,,
St Mary le Bow,1,,,1,,1,1,1,1,2,,,,2,1,1,,,,,,1,,,,,,,,,,1,3,6,6,6,9,2,4,3,1,2,2,1,,,1,,,,1,3
St Mary Bothaw,,,,1,1,1,1,,1,,,,,,,,,2,,,1,,3,,,,,1,,,,,1,,1,5,7,1,9,1,6,2,3,,,2,1,1,1,,1,1
St Mary Colechurch,,,,,,,,,,,,,,1,,,,,,,,,,,,,,,,,,,,1,,1,,2,2,3,3,2,,,1,,,1,,,,
St Mary Hill,,,,,1,,1,1,1,,1,,1,,,,,1,,,,,,,,2,,,,,,2,,1,2,2,7,5,12,5,11,6,7,2,3,4,6,4,1,1,3,1
St Mary Mounthaw,,1,,1,1,1,,,,,,,1,,,1,,,1,,,,,,,,,,,,1,2,,4,1,5,3,8,9,3,4,4,,2,,1,,1,,,1,
St Mary Sommerset,,1,,3,3,,2,1,1,,,,1,1,,,1,2,2,1,2,1,4,3,3,,3,,2,1,1,3,4,12,6,22,14,19,36,30,44,30,22,11,7,15,9,5,5,3,2,3
St Mary Stayning,,,,,,,,,,,,,,,,,,,,,,,,,,,,,,1,1,,1,2,1,5,5,6,2,8,3,3,1,,,1,,,,,,
St Mary Woolchurch,1,,,,2,,,2,,,1,,1,,,,,,2,1,,,1,,,,,,,,,1,2,2,1,1,1,3,2,6,7,6,6,6,3,1,3,,,,3,
St Mary Woolnoth,,,,,1,,,,,,1,,,,,,,,,,,,,,2,2,,1,,,1,1,,1,1,2,3,3,9,11,7,8,4,1,5,,1,3,1,,,
St Martin Iremongerlane,,1,,,,,,,,,,,,,,,,,,,,,,,,,,1,,,1,1,,,,2,,,1,,2,3,1,,,2,,,,,,
St Botolph Aldgate,12,17,13,17,19,12,14,23,9,16,20,16,13,16,1,,17,14,8,17,16,11,11,10,19,10,14,19,24,35,57,92,103,207,238,374,443,584,623,469,372,305,169,99,65,85,55,33,22,17,18,23
St Botolph Bishopsgate,9,10,10,7,14,10,9,15,10,18,,,7,13,,10,14,12,11,7,9,,4,10,15,21,11,38,37,65,105,116,180,259,288,316,,354,294,186,153,145,71,41,28,34,23,14,8,10,13,14
St Dunstan West,3,7,5,8,,,,,,,,,,,,,,,,,,,,,1,9,5,8,19,4,17,15,26,35,36,53,86,60,88,72,63,62,44,28,21,20,20,16,8,3,3,4
St George Southwark,2,3,3,2,6,6,9,5,3,3,3,6,6,4,5,6,1,5,5,3,,2,2,3,7,4,7,6,13,13,28,36,60,99,80,147,162,154,195,153,140,65,37,22,16,26,13,11,3,7,2,4
St Giles Cripplegate,27,23,28,34,32,23,21,32,33,35,30,,19,32,29,30,18,28,18,24,25,23,21,28,37,36,42,96,103,232,421,554,691,886,847,842,690,â€¢04,456,277,196,162,88,56,39,48,34,28,10,15,11,19
St Olave Southwark,14,15,13,20,,,,,,,,,,,,,,,,,,,,,14,18,19,14,20,26,46,77,142,218,235,321,439,478,530,472,378,274,212,102,83,86,65,47,26,20,24,20
Lambeth Parish,2,4,5,4,4,7,1,7,,,,2,6,5,3,,2,7,,,,,,4,6,4,4,3,4,8,3,4,9,18,13,25,31,46,48,46,49,66,47,29,33,51,54,36,10,12,11,23
St Leonard Shoreditch,9,5,8,5,12,12,10,14,,,,10,10,,,8,8,10,8,9,8,10,9,,21,10,5,21,21,64,84,110,183,207,252,280,300,235,183,146,95,76,50,28,14,28,19,10,6,6,8,6
St Magdalen Bermondsey,4,4,â€¢,5,,,,,,,,,,,,,,,,,,,,,6,9,6,11,14,12,11,14,14,44,57,108,146,190,207,201,128,169,101,56,57,80,42,27,14,24,15,25
St Mary Newington,,7,3,5,7,4,5,7,3,,9,4,3,4,4,4,4,4,4,8,4,6,3,3,3,1,3,4,4,6,11,10,23,47,74,121,171,156,155,94,81,69,43,24,11,22,7,3,5,5,3,10
St Martin in the fields,17,17,24,24,,,,,,,,,,,,,,,,,,,,,34,47,46,114,153,171,270,226,,301,255,387,303,277,286,219,209,167,81,60,48,61,50,38,25,24,24,12
St Mary Savoy,,2,3,4,,,3,1,1,2,1,3,5,3,,,2,2,2,3,1,2,,1,4,2,2,7,8,4,12,11,8,15,11,25,24,19,20,20,19,15,3,3,3,8,3,6,3,,1,6
St Martin Ludgate,,2,4,2,,,,,,,,,,,,,,,,,,,,,1,1,,1,2,,1,1,2,5,4,9,16,14,21,27,12,17,13,4,5,6,3,2,2,3,2,4
St Martin Orgars,2,,1,,,,,,,,,,,,,,,,,,,,,,,,,1,,,,2,2,3,,10,16,12,9,8,8,5,2,2,5,1,1,1,,,,1
St Martin Outwitch,,,,,,,,,,,,,,,,,,,,,,,,,,,,1,1,,2,2,2,1,1,5,6,4,8,5,6,7,,,1,,1,,,,,
St Martin Vintrey,2,,2,,,,,,,,,,,,,,,,,,,,,,1,1,1,,1,1,6,6,7,10,17,23,25,36,64,38,44,38,24,8,11,7,12,5,4,2,1,2
St Matthew Fridaystreet,,,1,,,,,,,,,,,,,,,,,,,,,,,1,,,,,,2,1,,1,1,,,1,1,,3,1,,1,3,2,1,,,,
St Maudlin Milkstreet,,,,,,,,,,,,,,,,,,,,,,,,,1,,1,,,,1,,â€¢,,2,8,5,1,5,2,,2,1,1,,1,,,,,,
St Maudlin Oldfishstreet,1,,1,1,,,,,,,,,,,,,,,,,,,,,,,,1,,1,1,,2,3,8,6,24,16,16,10,,12,,2,9,6,8,4,1,,1,3
St Michael Bassishaw,1,,2,1,2,,,,1,,2,1,,,4,1,,,1,2,,,,,2,3,2,8,5,13,24,8,11,11,12,,19,13,17,18,,11,,2,1,2,1,2,1,1,,1
St Michael Cornhil,2,,1,2,,1,,3,1,,6,,,,,3,,,,,,,,,,,,,,1,1,,2,,3,,11,12,14,7,4,8,,4,1,3,2,,1,2,,2
St Michael Crookedlane,1,,,1,,,,,,,,,,,,,,,,,,,,,2,2,2,4,4,3,,2,1,2,7,6,5,13,10,,15,17,11,,7,5,8,1,4,1,3,2
St Michael Queenhithe,,,3,,,,1,2,2,2,,1,1,1,1,,2,1,,2,,2,,,,,,2,3,2,2,3,2,8,7,18,17,11,11,12,25,4,19,9,5,3,3,4,,1,1,6
St Michael Quern,,1,,1,2,,1,1,1,,,1,,,,,,,,,,2,,,,,,1,1,,1,2,,1,1,,1,3,4,4,4,3,2,4,,,1,,,,1,
St Michael Royal,1,,,,,,,,,,,,,,,,,,,,,,,,,,,,,2,,1,1,7,2,14,4,11,20,14,20,15,10,5,6,4,3,2,1,1,,1
St Michael Woodstreet,2,â€¢,1,1,,1,,2,2,,,,,1,,,1,,,1,1,1,,,2,,,,,1,1,3,3,12,2,8,10,7,6,9,6,14,5,6,2,4,3,1,1,,,
St Mildred Breadstreet,,,,,3,1,1,1,,1,1,,2,1,,,,1,1,,,,1,,,1,,1,,,,,1,,2,2,3,9,6,1,4,3,3,1,2,1,1,,1,1,,
St Mildred Poultrey,1,,1,,1,,,,1,,,1,,,,,,,2,,,1,,1,,1,,1,,,2,2,3,1,4,4,1,8,4,4,4,9,4,1,1,4,,1,,,,
St Nicholas Acons,,,,,1,,,1,1,,1,,1,,,1,1,1,,,,,1,,,,,,,1,,1,,,,1,,3,8,7,4,2,1,1,1,1,3,3,,,,
St Nicholas Coleabby,3,,,,1,,2,,3,1,,,,1,3,1,,,1,,1,,1,,,,,,,,1,2,1,7,1,5,8,7,14,14,8,11,9,2,5,5,2,4,,,,
St Nicholas Olaves,1,,1,,2,1,1,,1,1,,,1,1,,,,,,,,,,,,,1,,,1,,,2,2,3,6,8,3,12,7,8,7,4,4,3,4,2,1,,1,,1
St Olave Hartstreet,,2,4,,,,,,,,,,,,,,,,,,,,,,2,,1,,,4,4,9,4,7,7,9,12,14,20,20,13,23,16,5,7,11,9,1,3,3,8,1
St Olave Jewry,,,,,,,,,,,,,,,,,,,,,,,,,,,1,,,,,,,1,1,8,5,4,7,1,5,3,,2,2,1,,1,,,,1
St Olave Silverstreet,2,2,3,,,,,,,,,,,,,,,,,,,,,,1,1,,1,4,5,6,15,17,21,23,23,23,19,23,9,4,6,6,6,2,1,1,1,3,,,
St Pancâ€¢as Soperlane,,,,,,,,,,,,,,,,,,,,,,,,,,,,,,,,,,,,,,,,,,,,,,,,,,,,
St Peter Cheap,,,,1,,,,,,,,,,,,,,,,,,,,,1,1,3,,,,,,,1,1,1,6,5,4,6,3,6,7,3,1,1,1,,,,,
St Peter Cornhil,,,,2,,,,,,,,,,,,,,,,,,,,,,,1,,,2,4,3,3,5,7,4,4,8,10,10,8,9,11,1,7,5,4,,3,1,3,2
St Peter Paulswharf,,,,,,,,,,,,,,,,,,,,,,,,,1,,,,,,1,1,1,1,5,10,8,10,12,15,10,12,5,4,1,4,4,,,,2,1
St Peter Poor,2,3,1,1,,,,,,,,,,,,,,,,,,,,,,,,,1,2,2,,1,2,3,1,2,7,6,8,8,4,6,,1,3,,,2,,,
St Steven Colemanstreet,3,2,2,3,,,,,,,,,,,,,,,,,,,,,3,3,2,4,2,6,7,11,15,14,15,36,,36,47,56,43,44,35,12,13,10,13,9,4,1,2,
St Steven Walbrook,1,,,,,,,,,,,,,,,,,,,,,,,,,,1,1,,,,1,,,,1,2,2,5,3,2,1,1,2,1,1,1,,,1,,
St Swithin,,,1,1,,,,,,,,,,,,,,,,,,,,,,,1,,2,1,9,4,3,3,2,4,4,2,11,7,6,6,5,,1,3,4,3,1,,1,1
St Thomas Apostle,,,,,,,,,,,,,1,3,,,,,1,,,,,2,1,,,,1,3,,,10,9,,,11,10,,,8,11,,,4,5,,,,,,
Trinity Parish,,3,,3,1,,1,1,,,1,,1,,,1,1,,1,,,2,,,,,,,1,,,1,2,2,5,4,3,12,13,10,10,12,3,3,5,4,3,4,,1,1,
Saviours Southwark,8,10,12,15,,,,,,,,,,,,,,,,,,,,,15,16,16,7,21,24,30,52,61,132,160,319,374,419,427,356,364,321,233,106,89,113,79,68,28,22,23,24
S. Sepulchres Parish,21,17,,,,,,,,,,,,,,,,,,,,,,,25,32,,,117,150,,,325,365,,447,344,284,,,137,123,,,22,27,,,16,12,,
St Thomas Southwark,,3,,,,,1,1,3,3,1,2,1,2,2,1,2,3,1,,2,3,,,2,3,4,5,7,3,8,5,9,5,24,27,40,50,57,39,40,38,27,11,5,10,10,9,,2,3,1
Trinity Minories,,,,1,,,,1,,,,,1,,,,,,,,1,,,,,,,,,1,1,5,,1,8,5,23,14,12,21,24,15,14,2,2,5,3,3,2,3,,
At the Pesthouse,,,,,,,,,,,,,,,,,,,,,,1,1,,5,4,3,5,6,8,9,10,10,12,9,9,10,12,6,7,8,8,4,1,4,5,1,2,2,1,,1
St Mary Islington,,,,2,,,,,,,,,2,3,3,2,,2,3,,2,2,,,,3,3,4,3,17,12,27,28,42,50,69,,66,68,44,,26,22,8,9,6,10,6,7,2,4,4
St Mary Whitechappel,8,17,13,20,7,11,13,11,9,16,17,,11,8,12,15,,9,11,2,,14,19,15,23,14,26,18,16,42,84,104,177,285,319,496,586,428,532,346,328,227,124,60,37,57,46,35,11,17,18,16
Rothorith Parish,,,,,,,,,,,,,,,,,,,,,,,,,3,6,1,3,,9,6,7,3,7,7,7,11,18,17,20,21,30,18,13,12,15,13,13,9,4,5,
Stepney Parish,18,33,40,38,42,35,37,44,30,24,37,,36,22,21,25,19,37,36,,33,38,34,,32,38,37,41,47,72,110,127,204,293,371,530,741,742,716,616,674,648,396,282,195,282,215,129,83,67,61,71
St Margaret Westminster,14,14,19,18,,,,,,,,,,,,,,,,,,,,,20,31,38,50,58,79,120,133,,269,220,345,348,349,4â€¢1,,309,282,,98,78,102,66,46,31,26,27,24
Whereof at the Pesthouse,,,,,,,,,,,,,,,,,,,,,,,,,,,4,,,,,11,,,,,,,7,11,,,,,,,,,,,,
Alhallows Great,,1,1,4,3,1,,,3,1,1,1,3,,,,2,2,1,2,1,1,2,3,3,4,3,1,1,2,6,,2,8,6,21,21,41,59,,42,38,32,15,11,12,7,,7,1,,2
Alhallows Lesse,,,3,,1,3,3,1,2,1,2,1,2,,,1,,2,1,1,2,,,1,,3,,1,1,,2,3,2,2,3,11,17,19,29,25,17,21,18,4,7,,3,5,2,4,,2
Alhallows Lumbardstreet,,1,,2,,,,,,,,,,,,,,,,,,,,,,,,,,,,2,4,5,6,8,7,7,8,11,5,5,2,1,,,1,,,,2,
Alhallows Staining,,,,,,,,,,,,,,,,,,,,,,,,,1,,,,1,4,,,3,5,,,14,13,,,21,12,,,9,,,,1,3,,
Alhallows the Wall,,,7,3,1,3,3,1,2,1,3,,1,3,2,3,3,2,3,3,2,,2,3,4,,1,2,4,7,8,6,15,22,23,44,46,45,41,41,33,31,15,7,7,,10,6,3,1,4,4
St Edmund Lumbardstr.,,,3,,,,,,,,,,,,,,,,,,,,,,1,2,,,,,,,,1,2,2,1,2,4,5,3,12,4,1,,,5,5,,,,3
Buried in the 97 Parishes within the Walls 66 Plague 0,,,,,,,,,,,,,,,,,,,,,,,,,,,,,,,,,,,,,,,,,,,,,,,,,,,,
"Buried in the 16 Parishes without the Walls, and at the Pesthouse 136 Plague 0",,,,,,,,,,,,,,,,,,,,,,,,,,,,,,,,,,,,,,,,,,,,,,,,,,,,
St Giles in the fields,,16,12,18,23,24,21,24,18,,14,,17,14,18,25,,30,24,30,,40,53,74,,150,,203,268,268,370,282,,277,204,170,202,167,,119,95,87,57,44,30,,26,22,13,8,11,7
Buried in the 12 out Parishes in Middlesex and Surry 102 Plague 0,,,,,,,,,,,,,,,,,,,,,,,,,,,,,,,,,,,,,,,,,,,,,,,,,,,,
St George Botolphlane,,,,,,,1,,,,1,,,,,,,,,,,,1,,,,,,,,,,,,,,1,,5,2,1,5,7,,3,4,5,3,,,,2
St Michael Basâ€¢â€¢â€¢haw,,,,,,,,,,,,,,,,,,,,,,,,,,,,,,,,,,,,,,,,,,,,,,,,,,,,
St Pancras Soperlane,,,1,2,,,,,,,,,,,1,1,,1,,,,,,,,,,,,,,,,,,2,4,,2,4,1,4,,1,1,1,,,1,1,,1
St Mary Illington,,,,,,,,,,,,,,,,,,,,,,,,,,,,,,,,,,,,,,,,,,,,,,,,,,,,
Alhallows Stayning,,,1,2,,,,1,1,1,1,,1,,,2,,,2,,,2,,1,,,,1,,,1,5,,,7,7,,,16,16,,,10,4,,,,3,,,,
Christ Church,,,5,10,2,3,1,,,,1,1,,,2,7,7,1,,,2,3,,,,,3,7,,,16,17,,,,,,,55,49,,,27,17,,,10,3,,,3,6
Buried in the 97 Parishes within the Walls 95 Plague 0,,,,,,,,,,,,,,,,,,,,,,,,,,,,,,,,,,,,,,,,,,,,,,,,,,,,
"Buried in the 16 Parishes without the Walls, and at the Pesthouse 142 Plague 0",,,,,,,,,,,,,,,,,,,,,,,,,,,,,,,,,,,,,,,,,,,,,,,,,,,,
Buried in the 12 out Parishes in Middlesex and Surrey 100 Plague 0,,,,,,,,,,,,,,,,,,,,,,,,,,,,,,,,,,,,,,,,,,,,,,,,,,,,
St Margaret Newfishstre.,,,,,,,,,,,,,,,,,,,,,,,,,,,,,,,2,,,,,2,,,17,7,,,8,3,,,3,1,,,,1
St Thomas Apostles,,,1,1,,1,,,,,1,,,,,,,,,,,,,,,,1,1,,,9,4,,,8,12,,,19,7,,,4,3,,,5,1,,1,1,2
S Sepulchres Parish,,,21,16,,,,,,,,,,,,,,,,,,,,,,,45,78,,,207,250,,,403,,,,301,193,,,67,40,,,26,14,,,8,11
Buried in the 97 Parishes within the Walls 90 Plague 0,,,,,,,,,,,,,,,,,,,,,,,,,,,,,,,,,,,,,,,,,,,,,,,,,,,,
St Botolph Aldersgatâ€¢,,,,1,,,,,,,,,,,,,,,,,,,,,,,,,,,,,,,,,,,,,,,,,,,,,,,,
"Buried in the 16 Parishes without the Walls, and at the Pesthouse 154 Plague 0",,,,,,,,,,,,,,,,,,,,,,,,,,,,,,,,,,,,,,,,,,,,,,,,,,,,
Buried in the 12 out Parishes in Middlesex and Surrey 113 Plague 0,,,,,,,,,,,,,,,,,,,,,,,,,,,,,,,,,,,,,,,,,,,,,,,,,,,,
Rothoâ€¢ith Parish,,,,,,,,,,,,,,,,,,,,,,,,,,,,,7,,,,,,,,,,,,,,,,,,,,,,,
St ALbans Woodstreeâ€¢,,,,,,,,,,,,,,,,,,,,,,,,,,,,,,,,,,,,,,,,,,,,,,,,,,,,
Alhallows Lumbardstr.,,,,,,2,,,,,,,,,1,,,,,,,,,,,,,,,,,,,,,,,,,,,,,,,,,,,,,
St Bartholomew Excha,,,,,,1,,,,,,1,,,,,,,,,,1,,,,,,,,,,,,,,,,,,,,,,,,,,,,,,
St Bennet Paulswharfe,,,,,2,,,,,,2,,,,,,1,1,,,,2,,,,,,,,,,,,,,,,,,,,,,,,,,,,,,
St Sherehog,,,,,,,,,,,,,,,,,,,,,,,,,,,,,,,,,,,,,,,,,,,,,,,,,,,,
St Dunstans East,,,,,3,,3,3,2,1,1,,,,1,,1,1,1,,3,,1,4,,,,,,,,,,,,,,,,,,,,,,,,,,,,
St Edm. Lumbardstreet,,,,,2,,,,2,,,1,1,1,1,,2,,1,2,,,,,,,,,,,,,,,,,,,,,,,,,,,,,,,,
St Faiths,,,,,,,1,,,1,,2,1,,3,,,,,,,,1,,,,,,,,,,,,,,,,,,,,,,,,,,,,,
St Fostets,,,,,,,,,,,,,,,,,,,,,,,,,,,,,,,,,,,,,,,,,,,,,,,,,,,,
Buried in the 97 Parishes within the Walls 104 Plague 0,,,,,,,,,,,,,,,,,,,,,,,,,,,,,,,,,,,,,,,,,,,,,,,,,,,,
St Andrews Holborne,,,,,16,,,,,,19,,,,,16,19,16,,,,,,,,,,,,,,,,,,,,,,,,,,,,,,,,,,
St Brides Parish,,,,,9,8,13,12,13,,,,9,13,11,12,,9,8,5,7,7,8,5,,,,,,,,,,,,,,,,,,,,,,,,,,,,
"Buried in the 16 Parishes without the Walls, and at the Pesthouse 184 Plague 0",,,,,,,,,,,,,,,,,,,,,,,,,,,,,,,,,,,,,,,,,,,,,,,,,,,,
St Kath. neer the Tower,,,,,2,,,3,6,,5,,3,4,,2,3,6,5,5,,5,,,,,,,,,,,,,,,,,,,,,,,,,,,,,,
Buried in the 12 out Parishes in Middlesex and Surry 118 Plague 0,,,,,,,,,,,,,,,,,,,,,,,,,,,,,,,,,,,,,,,,,,,,,,,,,,,,
S Paul Covent Garden,,,,,2,,,,,,1,3,,,,,3,3,,,3,,,,,,,,,,,,,,,,,,,,,,,,,,,,,,,
St Gregories by St Pauls,,,,,5,8,3,2,,3,5,1,,,,3,3,1,3,2,3,,,3,,,,,,,,,,,,,,,,,,,,,,,,,,,,
St Hellens,,,,,1,3,,,,,2,1,,,,,1,,,,3,,,,,,,,,,,,,,,,,,,,,,,,,,,,,,,
St Katharine crechurch,,,,,4,2,,1,,1,3,,1,,,3,1,,1,,3,1,2,3,,,,,,,,,,,,,,,,,,,,,,,,,,,,
St Margaret New fishs.,,,,,,,,,,,,,,,,,,,,,,,,,,,,,,,,,,,,,,,,,,,,,,,,,,,,
St Mary Staynings,,,,,1,,,,,,1,1,,,,,,,1,,2,,,,,,,,,,,,,,,,,,,,,,,,,,,,,,,
St Martins Iremongerl,,,,,,,,,,,,,,,,,1,,,,,,,,,,,,,,,,,,,,,,,,,,,,,,,,,,,
St Dunstans West,,,,,7,6,6,10,6,6,,10,1,6,4,6,1,5,6,5,5,2,5,8,,,,,,,,,,,,,,,,,,,,,,,,,,,,
St Olaves Southwark,,,,,24,12,13,21,17,13,24,20,18,22,11,18,10,18,16,16,13,7,19,13,,,,,,,,,,,,,,,,,,,,,,,,,,,,
St Magdalen Bermond.,,,,,5,,4,,2,,,,,,,,,,15,8,9,,9,7,,,,,,,,,,,,,,,,,,,,,,,,,,,,
St Martins in the fieldâ€¢,,,,,34,,,,,,,,,,,16,,,,25,,,,,,,,,,,,,,,,,,,,,,,,,,,,,,,,
St Martins Ludgate,,,,,2,,,1,1,3,,1,,,,1,,,,,,,,,,,,,,,,,,,,,,,,,,,,,,,,,,,,
St Martins Outwitch,,,,,2,1,,,,,,,,,,1,,,1,,,,,,,,,,,,,,,,,,,,,,,,,,,,,,,,,
St Martins Vintrey,,,,,2,,,2,,,1,5,1,2,,,,,3,,,,,2,,,,,,,,,,,,,,,,,,,,,,,,,,,,
St Mathew Fridaystreet,,,,,1,,,,,,,,,,,,,1,,,2,,,,,,,,,,,,,,,,,,,,,,,,,,,,,,,
St Maudlins Milkstreet,,,,,,,,,1,1,1,2,,,,,,,,,1,1,,,,,,,,,,,,,,,,,,,,,,,,,,,,,,
St Maudlins Oldfisâ€¢str,,,,,1,,,,,,,,,,,,,,,,,,,,,,,,,,,,,,,,,,,,,,,,,,,,,,,
St Michael Crookedla.,,,,,1,1,2,,,2,1,1,,,,,,,,1,,,,,,,,,,,,,,,,,,,,,,,,,,,,,,,,
St Michael Royall,,,,,1,1,,2,,,,,1,1,,1,,,,,,,,,,,,,,,,,,,,,,,,,,,,,,,,,,,,
St Olaves Hartstreet,,,,,6,,3,3,,,2,,,1,,1,,,,1,1,,,,,,,,,,,,,,,,,,,,,,,,,,,,,,,
St Olaves Jewry,,,,,2,,,,,,,,,,2,1,,,3,2,,,1,,,,,,,,,,,,,,,,,,,,,,,,,,,,,
St Olaves Silverstreet,,,,,1,1,4,1,2,2,1,1,3,,3,1,1,,,,,2,2,,,,,,,,,,,,,,,,,,,,,,,,,,,,,
St Peters Cheap,,,,,2,,1,1,1,1,1,1,,,,,,,,,,,,,,,,,,,,,,,,,,,,,,,,,,,,,,,,
St Peters Cornhil,,,,,,,3,1,3,2,1,2,1,,2,,1,1,1,,,,,1,,,,,,,,,,,,,,,,,,,,,,,,,,,,
St Peters Paulswharf,,,,,1,,,,,,,,1,1,,,,,1,,,,1,1,,,,,,,,,,,,,,,,,,,,,,,,,,,,
St Peters Poor,,,,,,,,1,,1,2,,1,,,1,,,,1,,2,,,,,,,,,,,,,,,,,,,,,,,,,,,,,,
St Stevens Colemanstr.,,,,,6,,,,,2,4,,2,1,3,,1,8,2,1,1,4,,2,,,,,,,,,,,,,,,,,,,,,,,,,,,,
St Stevens Walbrook,,,,,1,1,,,,,1,1,,,,,1,,,,,1,1,,,,,,,,,,,,,,,,,,,,,,,,,,,,,
St Swithins,,,,,,,,2,,,,,,1,,2,,,1,,1,,,,,,,,,,,,,,,,,,,,,,,,,,,,,,,
St Saviours Southwark,,,,,20,18,10,12,12,16,,,12,19,,13,22,14,16,14,10,15,14,6,,,,,,,,,,,,,,,,,,,,,,,,,,,,
St Sepulchres Parish,,,,,24,25,20,23,27,6,26,22,17,11,18,16,12,17,13,12,18,18,18,32,,,,,,,,,,,,,,,,,,,,,,,,,,,,
Redriff Parish,,,,,,,,,,,,,,,,,2,,3,5,,,,1,,,,,,,,,,,,,,,,,,,,,,,,,,,,
St Margaret Westminst.,,,,,15,30,18,27,24,22,30,13,23,12,12,20,21,,20,10,,21,21,23,,,,,,,,,,,,,,,,,,,,,,,,,,,,
St ALbans Woodstreet,,,,,,,,,3,1,,,,2,,1,2,1,,,1,1,2,,,,,,,,,,,,,,,,,,,,,,,,,,,,,
St Andrâ€¢w Undershaft,,,,,,,,,,,,,,,,,,,,,,,,,,,,,,,,,,,,,,,,,,,,,,,,,,,,
St Andrew Warâ€¢â€¢obe,,,,,,2,,,,,,,,,,,,,,,,,,,,,,,,,,,,,,,,,,,,,,,,,,,,,,
St Bennet Paulswharâ€¢,,,,,,2,,,,,,,,,,,,,,,,,,,,,,,,,,,,,,,,,,,,,,,,,,,,,,
St Dunstans Easâ€¢,,,,,,1,,,,,,,,,,,,,,,,,,,,,,,,,,,,,,,,,,,,,,,,,,,,,,
St Fosters,,,,,,1,,1,,1,,,1,1,,1,,1,1,,,4,,1,,,,,,,,,,,,,,,,,,,,,,,,,,,,
Buried in the 97 Parishes within the Walls 88 Plague 0,,,,,,,,,,,,,,,,,,,,,,,,,,,,,,,,,,,,,,,,,,,,,,,,,,,,
ã€ˆâ—Šã€‰ Andrews Holborne,,,,,,15,,,,,,,,,,,,,,,,,,,,,,,,,,,,,,,,,,,,,,,,,,,,,,
"Buried in the 16 Parishes without the Walls, and at the Pesthouse 143 Plague 0",,,,,,,,,,,,,,,,,,,,,,,,,,,,,,,,,,,,,,,,,,,,,,,,,,,,
ã€ˆâ—Šã€‰ Kath. neer the Towâ€¢â€¢,,,,,,1,,,,,,,,,,,,,,,,,,,,,,,,,,,,,,,,,,,,,,,,,,,,,,
Buried in the 12 out Parishes in Middlesex and Surry 115 Plague 0,,,,,,,,,,,,,,,,,,,,,,,,,,,,,,,,,,,,,,,,,,,,,,,,,,,,
Sâ€¢ Paul Covent Garden,,,,,,1,,,,,,,,,3,,,,,,,4,,,,,,,,,,,,,,,,,,,,,,,,,,,,,,
St Magnus Pariâ€¢h,,,,,,,,,,,,,,,,,,,,,,,,,,,,,,,,,,,,,,,,,,,,,,,,,,,,
St Margaret Newfishst,,,,,,1,,,2,,,,,,,,,,1,1,,,1,1,,,,,,,,,,,,,,,,,,,,,,,,,,,,
St Magdalen Bermond,,,,,,7,,5,,6,6,7,,9,3,7,,5,,,,7,,,,,,,,,,,,,,,,,,,,,,,,,,,,,,
St Martins in the fields,,,,,,24,30,33,,,35,,24,22,23,,21,29,26,,26,22,37,22,,,,,,,,,,,,,,,,,,,,,,,,,,,,
St Martins Orgars,,,,,,,1,,,,1,1,1,1,,2,1,,,,,1,,,,,,,,,,,,,,,,,,,,,,,,,,,,,,
St Maudlins Oldfishstr.,,,,,,1,,,,,1,,,,1,,,,,,,,,,,,,,,,,,,,,,,,,,,,,,,,,,,,,
St Michael Queenhiche,,,,,,,,,,,,,,,,,,,,,,,,,,,,,,,,,,,,,,,,,,,,,,,,,,,,
St Petâ€¢rs Cheap,,,,,,1,,,,,,,,,,,,,,,,,,,,,,,,,,,,,,,,,,,,,,,,,,,,,,
St Peterâ€¢ Poor,,,,,,3,,,,,,,,,,,,,,,,,,,,,,,,,,,,,,,,,,,,,,,,,,,,,,
St Stevens Colemanstr,,,,,,5,,4,5,,,,,,,4,,,,,,,2,,,,,,,,,,,,,,,,,,,,,,,,,,,,,
â€¢rinity Minories,,,,,,,,,,,,,,,,,,,,,,,,,,,,,,,,,,,,,,,,,,,,,,,,,,,,
â€¢t the Pesthouse,,,,,,,,,,,,,,,,,,,,,,,,,,,,,,,,,,,,,,,,,,,,,,,,,,,,
Whereof at the Pesthousâ€¢,,,,,,,,,,,,,,,,,,,,,,,,,,,,,,,,,,,,,,,,,,,,,,,,,,,,
Alhallows Lumbardstr,,,,,,,,,,2,,,,1,,,1,,,,,,1,,,,,,,,,,,,,,,,,,,,,,,,,,,,,
St Bartholomew Exch.,,,,,,,,,,1,,,,,,,,,,1,,,,,,,,,,,,,,,,,,,,,,,,,,,,,,,,
St Batolph Billingsgate,,,,,,,2,,,,,,,,,,,,,,,,,,,,,,,,,,,,,,,,,,,,,,,,,,,,,
St Ethelbourgh,,,,,,,,,1,1,,,,,,,,,1,3,,,,,,,,,,,,,,,,,,,,,,,,,,,,,,,,
Buried in the 97 Parishes within the Walls 80 Plague 0,,,,,,,,,,,,,,,,,,,,,,,,,,,,,,,,,,,,,,,,,,,,,,,,,,,,
St Andrews Molborn,,,,,,,23,,,,,,19,,,,,,,,,,,,,,,,,,,,,,,,,,,,,,,,,,,,,,,
St Bartholomew Greaâ€¢,,,,,,,5,,,,,2,2,,2,,,,4,,,,,,,,,,,,,,,,,,,,,,,,,,,,,,,,,
Bridewel Frecinet,,,,,,,,,,,,,,,,,,,,,,,,,,,,,,,,,,,,,,,,,,,,,,,,,,,,
"Buried in the 16 Parishes without the Walls, and at the Pesthouse 150 Plague 0",,,,,,,,,,,,,,,,,,,,,,,,,,,,,,,,,,,,,,,,,,,,,,,,,,,,
S Iames Clerkenwel,,,,,,,5,,,,,,,,,,,,,,,,,,,,,,,,,,,,,,,,,,,,,,,,,,,,,
S Kath. neer the Tower,,,,,,,2,,,,,2,,,,,,,,,4,,,3,,,,,,,,,,,,,,,,,,,,,,,,,,,,
Buried in the 12 out Parishes in Middlesex and Suâ€¢ry 99 Plague 0,,,,,,,,,,,,,,,,,,,,,,,,,,,,,,,,,,,,,,,,,,,,,,,,,,,,
St Hellins,,,,,,,,,1,1,,,1,2,,,,,2,,,,,,,,,,,,,,,,,,,,,,,,,,,,,,,,,
St Margaret Newfishst.,,,,,,,1,,,,,,,,,,,,,,,,,,,,,,,,,,,,,,,,,,,,,,,,,,,,,
St Margaret Patrons,,,,,,,,,,,1,,,,,,,,,,,,,,,,,,,,,,,,,,,,,,,,,,,,,,,,,
St Mary Wolnoth,,,,,,,,,1,,,,1,,,,,,,1,,,,2,,,,,,,,,,,,,,,,,,,,,,,,,,,,
St Martins Iremongerl.,,,,,,,,,,,,,,1,,,,,,,,,,,,,,,,,,,,,,,,,,,,,,,,,,,,,,
St Maudlins Oldfishst.,,,,,,,,1,,,,,,,,,,,,,,,,,,,,,,,,,,,,,,,,,,,,,,,,,,,,
St Michael Basshishaw,,,,,,,1,,,,,,,,,,,,,,,,,,,,,,,,,,,,,,,,,,,,,,,,,,,,,
St Paneras Soperlane,,,,,,,,,,,,,,,,,,,,,,,,,,,,,,,,,,,,,,,,,,,,,,,,,,,,
St Stevens Colemanst.,,,,,,,2,,,,,,,,,,,,,,,,,,,,,,,,,,,,,,,,,,,,,,,,,,,,,
Alhallows Greaâ€¢,,,,,,,,2,,,,,,,,,,,,,,,,,,,,,,,,,,,,,,,,64,,,,,,,,,,,,
Alhallows Honylane.,,,,,,,,,,,,,,,,,,,,,,,,,,,,,,,,,,,,,,,,,,,,,,,,,,,,
St Bâ€¢tolph Billingsgate,,,,,,,,,,,,,,,,,,,,,,,,,,,,,,,,,,,,,,,,,,,,,,,,,,,,
St Edm. Lumbardstreeâ€¢,,,,,,,,,,,,,,,,,,,,,,,,,,,,,,,,,,,,,,,,,,,,,,,,,,,,
Buried in the 97 Parishes within the Walls 85 Plague 0,,,,,,,,,,,,,,,,,,,,,,,,,,,,,,,,,,,,,,,,,,,,,,,,,,,,
St Andrews Holborn,,,,,,,,13,21,17,,,,17,,,,,14,17,,,18,19,,,,,,,,,,,,,,,,,,,,,,,,,,,,
St Bartholemew Lesse,,,,,,,,2,,,,,,,,,,,,,,,,,,,,,,,,,,,,,,,,,,,,,,,,,,,,
Bridewel Preccinet,,,,,,,,1,,,,,,,,,,,,,,,,,,,,,,,,,,,,,,,,,,,,,,,,,,,,
"Buried in the 16 Parishes without the Walls, and at the Pesthouse 180 Plague 0",,,,,,,,,,,,,,,,,,,,,,,,,,,,,,,,,,,,,,,,,,,,,,,,,,,,
Buried in the 12 out Parishes in Middlesex and Surry 121 Plague 1,,,,,,,,,,,,,,,,,,,,,,,,,,,,,,,,,,,,,,,,,,,,,,,,,,,,
St George Botolphlant,,,,,,,,,,,,,,,,,,,,,,,,,,,,,,,,,,,,,,,,,,,,,,,,,,,,
St Margaret Newsislast,,,,,,,,1,,,,,,,,,,,,,,,,,,,,,,,,,,,,,,,,,,,,,,,,,,,,
St Martins Iremongeri.,,,,,,,,,,,,,,,,,,,,,,,,,,,,,,,,,,,,,,,,,,,,,,,,,,,,
St Maudlins Milkstreâ€¢t,,,,,,,,,,,,,,,,,,,,,,,,,,,,,,,,,,,,,,,,,,,,,,,,,,,,
St Michael Baâ€¢sishaw,,,,,,,,2,,,,,,,,,,,,,,,,,,,,,,,,,,,,,,,,,,,,,,,,,,,,
St Michael Crookedla,,,,,,,,1,2,,,,,,,,1,,,,1,,,,,,,,,,,,,,,,,,,,,,,,,,,,,,,
St Nicholas Coloabby,,,,,,,,1,,,,,,,,,,,,,,,,,,,,,,,,,,,,,,,,,,,,,,,,,,,,
St Bâ€¢â€¢net Sherehog,,,,,,,,,,,,,,,,,,,,,,,,,,,,,,,,,,,,,,,,,,,,,,,,,,,,
Stâ€¢â€¢â€¢olph Billingsgate,,,,,,,,,,,,,,,,,,,,,,,,,,,,,,,,,,,,,,,,,,,,,,,,,,,,
Buried in the 97 Parishes within the Walls 82 Plague 0,,,,,,,,,,,,,,,,,,,,,,,,,,,,,,,,,,,,,,,,,,,,,,,,,,,,
Bridewel Precinet,,,,,,,,,,,1,,,1,,,,,,,,,,,,,,,,,,,,,,,,,,,,,,,,,,,,,,
"Buried in the 16 Parishes without the Walls, and at the Pesthouse 158 Plague 0",,,,,,,,,,,,,,,,,,,,,,,,,,,,,,,,,,,,,,,,,,,,,,,,,,,,
St Iames Clerkenwel,,,,,,,,,5,,,,,,,,10,6,,,,,,,,,,,,,,,,,,,,,,,,,,,,,,,,,,
Buried in the 12 out Parishes in Middlesex and Surry 89 Plague 0,,,,,,,,,,,,,,,,,,,,,,,,,,,,,,,,,,,,,,,,,,,,,,,,,,,,
St George Betolphlane,,,,,,,,,,,,,,,,,,,,,,,,,,,,,,,,,,,,,,,,,,,,,,,,,,,,
Lamoeth Parish,,,,,,,,,3,,,,,,,,,,,,,,,,,,,,,,,,,,,,,,,,,,,,,,,,,,,
St Loonard Shoreditch,,,,,,,,,10,,,,,,,,,,,,,,,,,,,,,,,,,,,,,,,,,,,,,,,,,,,
St Martins in the â€¢â€¢elds,,,,,,,,,23,,,,,,,,,,,,,,,,,,,,,,,,,,,,,,,,,,,,,,,,,,,
At the Pesâ€¢house,,,,,,,,,,,,,,,,,,,,,,,,,,,,,,,,,,,,,,,,,,,,,,,,,,,,
St Anâ€¢ Aldersgate,,,,,,,,,,,,,,,,,,,,,,,,,,,,,,,,,,,,,,,,,,,,,,,,,,,,
St Edm. Lumbard Rrecâ€¢,,,,,,,,,,,,,,,,,,,,,,,,,,,,,,,,,,,,,,,,,,,,,,,,,,,,
Buried in the 97 Parishes within the Walls 67 Plague 0,,,,,,,,,,,,,,,,,,,,,,,,,,,,,,,,,,,,,,,,,,,,,,,,,,,,
St Bartholomew Lâ€¢sse,,,,,,,,,,1,,,,,,,,,,,,,,,,,,,,,,,,,,,,,,,,,,,,,,,,,,
ã€ˆâ—Šã€‰ Brides Parish,,,,,,,,,,11,,,,,,,,,,,,,,,,,,,,,,,,,,,,,,,,,,,,,,,,,,
"Buried in the 16 Parishes without the Walls, and at the Pesthouse 156 Plague 0",,,,,,,,,,,,,,,,,,,,,,,,,,,,,,,,,,,,,,,,,,,,,,,,,,,,
ã€ˆâ—Šã€‰ Giles in the fields,,,,,,,,,,28,,,,,,,,,,,,,,,,,,,,,,,,,,,,,,,,,,,,,,,,,,
Sâ€¢ Kath. neer the Tower,,,,,,,,,,4,,,,,4,,,,,,,,,,,,,,,,,,,,,,,,,,,,,,,,,,,,,
Buried in the 12 out Parishes in Middlesex and Surry 106 Plague 0,,,,,,,,,,,,,,,,,,,,,,,,,,,,,,,,,,,,,,,,,,,,,,,,,,,,
Lâ€¢mbeth Pâ€¢rish,,,,,,,,,,5,,,,,,,,,,,,,,,,,,,,,,,,,,,,,,,,,,,,,,,,,,
St Leonard Shorediteh,,,,,,,,,,13,,,,,,,,,,,,,,,,,,,,,,,,,,,,,,,,,,,,,,,,,,
St Martins in the field,,,,,,,,,,28,,,,,,,,,,,,,,,,,,,,,,,,,,,,,,,,,,,,,,,,,,
St Martins Orgers,,,,,,,,,,1,,,,,,,,,,,,,,,,,,,,,,,,,,,,,,,,,,,,,,,,,,
St Maudlins Oldfishst,,,,,,,,,,3,,,,1,,,,,,1,,,,,,,,,,,,,,,,,,,,,,,,,,,,,,,,
St Mary â€¢slington,,,,,,,,,,,,,,,,,,,,,,,,,,,,,,,,,,,,,94,,,,,,,,,,,,,,,
Redrin Parish,,,,,,,,,,,,,,,,,,,,,,,,,,,,,,,,,,,,,,,,,,,,,,,,,,,,
St ALbans Wood street,,,,,,,,,,,1,,,,,,,,,,,,,,,,,,,,,,,,,,,,,,,,,,,,,,,,,
Alhallows Bread street,,,,,,,,,,,,,,,,,,,,,,,,,,,,,,,,,,,,,,,,,,,,,,,,,,,,
St Bennet Graecchurcâ€¢,,,,,,,,,,,,,,,,,,,,,,,,,,,,,,,,,,,,,,,,,,,,,,,,,,,,
St Bennet Sherchog,,,,,,,,,,,,,,,,,,,,,,,,,,,,,,,,,,,,,,,,,,,,,,,,,,,,
Buried in the 97 Parishes within the Walls 83 Plague 0,,,,,,,,,,,,,,,,,,,,,,,,,,,,,,,,,,,,,,,,,,,,,,,,,,,,
St Brides Parisâ€¢,,,,,,,,,,,11,,,,,,,,,,,,,,,,,,,,,,,,,,,,,,,,,,,,,,,,,
"Buried in the 16 Parishes without the Walls, and at the Pesthouse 176 Plague 0",,,,,,,,,,,,,,,,,,,,,,,,,,,,,,,,,,,,,,,,,,,,,,,,,,,,
Rackney Parish,,,,,,,,,,,,,,,,,,,,,,,,,,,,,,,,,,,,,,,,,,,,,,,,,,,,
Stâ€¢ames Clerkenwel,,,,,,,,,,,8,,,,,,,,,,,,,,,,,,,,,,,,,,,,,,,,,,,,,,,,,
Buried in the 12 out Parishes in Middlesex and Surry 105 Plague 0,,,,,,,,,,,,,,,,,,,,,,,,,,,,,,,,,,,,,,,,,,,,,,,,,,,,
St Lawrence Poutney,,,,,,,,,,,,,,,,,,,,,,,,,,,,,,,,,,,,,,,,,,,,,,,,,,,,
St Margaret New fishst,,,,,,,,,,,,,,,,,,,,,,,,,,,,,,,,,,,,,,,,,,,,,,,,,,,,
St Marcins Iremongerl.,,,,,,,,,,,1,,,,,,,,,,,,,,,,,,,,,,,,,,,,,,,,,,,,,,,,,
St Botolph Bishopsgatâ€¢,,,,,,,,,,,11,18,,,8,,,,,,,11,,,,,,,,,,,,,,,,,,,,,,,,,,,,,,
St Dunstans Weâ€¢t,,,,,,,,,,,4,,,,,,,,,,,,,,,,,,,,,,,,,,,,,,,,,,,,,,,,,
Lambeth Parisâ€¢,,,,,,,,,,,2,,,,,4,,,,,,,,,,,,,,,,,,,,,,,,,,,,,,,,,,,,
St Leonard Shoreditcâ€¢,,,,,,,,,,,7,,,,6,,,,,,,,,,,,,,,,,,,,,,,,,,,,,,,,,,,,,
St Martins Outwich,,,,,,,,,,,,,,,,,,,,,,,,,,,,,,,,,,,,,,,,,,,,,,,,,,,,
St Maâ€¢hew Friday street,,,,,,,,,,,,,,,,,,,,,,,,,,,,,,,,,,,,,,,,,,,,,,,,,,,,
St Peters Paulswhars,,,,,,,,,,,,,,,,,,,,,,,,,,,,,,,,,,,,,,,,,,,,,,,,,,,,
Sâ€¢ Saviours Southwark,,,,,,,,,,,17,,,,,,,,,,,,,,,,,,,,,,,,,,,,,,,,,,,,,,,,,
Sâ€¢ ALbans Woodstreet,,,,,,,,,,,,2,,,,,,,,,,,,,,,,,,,,,,,,,,,,,,,,,,,,,,,,
Alhallows Lumbardstâ€¢,,,,,,,,,,,,,,,,,,,,,,,,,,,,,,,,,,,,,,,,,,,,,,,,,,,,
Alhallows the Wâ€¢ll,,,,,,,,,,,,2,,,,,,,,,,,,,,,,,,,,,,,,,,,,,,,,,,,,,,,,
St Andrew Wardâ€¢obe,,,,,,,,,,,,3,,,,,,,,,,,,,,,,,,,,,,,,,,,,,,,,,,,,,,,,
St Antholins Pariâ€¢â€¢,,,,,,,,,,,,,,,,,,,,,,,,,,,,,,,,,,,,,,,,,,,,,,,,,,,,
St Bennet Gracechurcâ€¢,,,,,,,,,,,,,,,,,,,,,1,,,,,,,,,,,,,,,,,,,,,,,,,,,,,,,
St Bennet Paulswharse,,,,,,,,,,,,2,,,,,,,,,,,,,,,,,,,,,,,,,,,,,,,,,,,,,,,,
St Bennet Sheâ€¢ehog,,,,,,,,,,,,,,,,,,,,,,,,,,,,,,,,,,,,,,,,,,,,,,,,,,,,
Sâ€¢ Dunstâ€¢ns East,,,,,,,,,,,,1,,,,,,,,,,,,,,,,,,,,,,,,,,,,,,,,,,,,,,,,
Buried in the 97 Parishes within the Walls 72 Plague 0,,,,,,,,,,,,,,,,,,,,,,,,,,,,,,,,,,,,,,,,,,,,,,,,,,,,
S Andrews Holborne,,,,,,,,,,,,24,,,,,,,,,15,,,,,,,,,,,,,,,,,,,,,,,,,,,,,,,
Sâ€¢ Brides Parisâ€¢,,,,,,,,,,,,14,,,,,,,,,,,,,,,,,,,,,,,,,,,,,,,,,,,,,,,,
ã€ˆâ—Šã€‰ Botolph Aldersgate,,,,,,,,,,,,6,,,,,,,,,,,,,,,,,,,,,,,,,,,,,,,,,,,,,,,,
"Buried in the 16 Parishes without the Walls, and at the Pesthouse 197 Plague 0",,,,,,,,,,,,,,,,,,,,,,,,,,,,,,,,,,,,,,,,,,,,,,,,,,,,
Sâ€¢ Giles in the fields,,,,,,,,,,,,16,,,,,,,,,32,,,,,,,,,,,,,,,,,,,,,,,,,,,,,,,
Haâ€¢kney Parish,,,,,,,,,,,,3,,,,,,,,,,,,,,,,,,,,,,,,,,,,,,,,,,,,,,,,
Sâ€¢ James Clerkenwel,,,,,,,,,,,,5,,,,,,,,,,,,,,,,,,,,,,,,,,,,,,,,,,1â€¢,,,,,,
Sâ€¢ Clement Danes,,,,,,,,,,,,10,,,8,,,,,,,,,,,,,,,,,,,,,,,,,,,,,,,,,,,,,
Stâ€¢ohn Evangelist,,,,,,,,,,,,,,,,,,,,,,,,,,,,,,,,,,,,,,,,,,,,,,,,,,,,
St Kâ€¢tharine crechurch,,,,,,,,,,,,,,,,,,,,,,,,,,,,,,,,,,,,,,,,,,,,,,,,,,,,
St Laâ€¢rence Jâ€¢â€¢ry,,,,,,,,,,,,2,,,,,,,,,,,,,,,,,,,,,,,,,,,,,,,,,,,,,,,,
St Lawrence Poâ€¢ntney,,,,,,,,,,,,1,,,,,,,,,,,,,,,,,,,,,,,,,,,,,,,,,,,,,,,,
St Magnus Perish,,,,,,,,,,,,1,,,,,,,,,,,,,,,,,,,,,,,,,,,,,,,,,,,,,,,,
St Margaret â€¢eâ€¢fishsâ€¢,,,,,,,,,,,,,,,,,,,,,,,,,,,,,,,,,,,,,,,,,,,,,,,,,,,,
Sâ€¢ Mary Abchurch,,,,,,,,,,,,1,,,,,,,,,,,,,,,,,,,,,,,,,,,,,,,,,,,,,,,,
Sâ€¢ Mary Bothaw,,,,,,,,,,,,,,,,,,,,,,,,,,,,,,,,,,,,,,,,,,,,,,,,,,,,
ã€ˆâ—Šã€‰ Mary Colechurch,,,,,,,,,,,,,,,,,,,,,,,,,,,,,,,,,,,,,,,,,,,,,,,,,,,,
St Mâ€¢ry Sommerseâ€¢,,,,,,,,,,,,â€¢,,,,,,,,,,,,,,,,,,,,,,,,,,,,,,,,,,,,,,,,
St Mary Woolcharen,,,,,,,,,,,,,,,,,,,,,,,,,,,,,,,,,,,,,,,,,,,,,,,,,,,,
St Martins Iremongerâ€¢,,,,,,,,,,,,1,,,,,,,,,,,,,,,,,,,,,,,,,,,,,,,,,,,,,,,,
Sâ€¢ Giles Cripplegate,,,,,,,,,,,,36,,,,,,,,,,,,,,,,,,,,,,,,,,,,,,,,,,,,,,,,
St Martins in the felds,,,,,,,,,,,,30,,,,,,,,,,,,,,,,,,,,,,,,,,,,,,,,,,,,,,,,
St Martins Outâ€¢itch,,,,,,,,,,,,,,,,,,,,,,,,,,,,,,,,,,,,,,,,,,,,,,,,,,,,
St Maudlins Old fiâ€¢hstr.,,,,,,,,,,,,1,,,,,,,,,,,,,,,,,,,,,,,,,,,,,,,,,,,,,,,,
St Mildred Breadstreeâ€¢,,,,,,,,,,,,2,,,,,,,,,,,,,,,,,,,,,,,,,,,,,,,,,,,,,,,,
St Pancras Soperlanâ€¢,,,,,,,,,,,,1,,,,,,,,,,,,,,,,,,,,,,,,,,,,,,,,,,,,,,,,
St Stevens Colemanâ€¢tr,,,,,,,,,,,,1,,,,,,,,,,,,,,,,,,,,,,,,,,,,,,,,,,,,,,,,
St Thomas Apostleâ€¢,,,,,,,,,,,,1,,,,,,,,,,,,,,,,,,,,,,,,,,,,,,,,,,,,,,,,
Sâ€¢ Saâ€¢iours Soâ€¢thwark,,,,,,,,,,,,17,,,,,,,,,,,,,,,,,,,,,,,,,,,,,,,,,,,,,,,,
S Mary Iâ€¢â€¢ington,,,,,,,,,,,,,,,,,,,,,,,,,,,,,,,,,,,,,,,,,,,,,,,,,,,,
ã€ˆâ—Šã€‰ Mary Whitechappel,,,,,,,,,,,,15,,,,,,,,,,,,,,,,,,,,,,,,,,,,,,,,,,,,,,,,
â€¢â€¢driff Parish,,,,,,,,,,,,,,,,,,,,,,,,,,,,,,,,,,,,,,,,,,,,,,,,,,,,
Stâ€¢pney Parish,,,,,,,,,,,,41,,,,,,,,,,,,,,,,,,,,,,,,,,,,,,,,,,,,,,,,
Alhallows Barkinâ€¢,,,,,,,,,,,,,5,,,,,,3,,,,,,,,,,,,,,,,,,,,,,,,,,,,,,,,,
St Dunstans â€¢aâ€¢t,,,,,,,,,,,,,3,,,,,,,,,,,,,,,,,,,,,,,,,,,,,,,,,,,,,,,
Buried in the 97 Parishes within the Walls 69 Plague 0,,,,,,,,,,,,,,,,,,,,,,,,,,,,,,,,,,,,,,,,,,,,,,,,,,,,
"Buried in the 16 Parishes without the Walls, and at the Pesthouse 133 Plague 0",,,,,,,,,,,,,,,,,,,,,,,,,,,,,,,,,,,,,,,,,,,,,,,,,,,,
Buried in the 12 out Parishes in Middlesex and Surry 98 Plague 0,,,,,,,,,,,,,,,,,,,,,,,,,,,,,,,,,,,,,,,,,,,,,,,,,,,,
St Martins Lâ€¢â€¢â€¢â€¢â€¢â€¢e,,,,,,,,,,,,,1,,,,,,,,,,,,,,,,,,,,,,,,,,,,,,,,,,,,,,,
St Martins Oâ€¢â€¢â€¢itch,,,,,,,,,,,,,2,,,,,,,,,,,,,,,,,,,,,,,,,,,,,,,,,,,,,,,
St Mathew Fridayâ€¢â€¢reâ€¢â€¢,,,,,,,,,,,,,,,,,,,,,,,,,,,,,,,,,,,,,,,,,,,,,,,,,,,,
St Mâ€¢â€¢dlin Milã€ˆ7 lettersã€‰,,,,,,,,,,,,,,,,,,,,,,,,,,,,,,,,,,,,,,,,,,,,,,,,,,,,
St Maudlins â€¢ldâ€¢â€¢â€¢â€¢â€¢â€¢,,,,,,,,,,,,,,,,,,,,,,,,,,,,,,,,,,,,,,,,,,,,,,,,,,,,
St Michael Baâ€¢â€¢â€¢â€¢haw,,,,,,,,,,,,,2,,,,,,,,,,,,,,,,,,,,,,,,,,,,,,,,,,,,,,,
St Pancras Soperlans,,,,,,,,,,,,,,,,,,,,,,,,,,,,,,,,,,,,,,,,,,,,,,,,,,,,
Buried in the 97 Parishes within the Walls 68 Plague 0,,,,,,,,,,,,,,,,,,,,,,,,,,,,,,,,,,,,,,,,,,,,,,,,,,,,
"Buried in the 16 Parishes without the Walls, and at the Pesthouse 160 Plague 0",,,,,,,,,,,,,,,,,,,,,,,,,,,,,,,,,,,,,,,,,,,,,,,,,,,,
Buried in the 12 out Parishes in Middlesex and Surry 74 Plague 0,,,,,,,,,,,,,,,,,,,,,,,,,,,,,,,,,,,,,,,,,,,,,,,,,,,,
ALbans Woodstreet,,,,,,,,,,,,,,,1,,,,,,,,,,,,,,,,,,,,,,,,,,,,,,,,,,,,,
â€¢lhâ€¢llows Breadstreet,,,,,,,,,,,,,,,,,,,,,,,,,,,,,,,,,,,,,,,,,,,,,,,,,,,,
Alhallows Lâ€¢sse,,,,,,,,,,,,,,,1,,,,,,,,,,,,,,,,,,,,,,,,,,,,,,,,,,,,,
St Ana Aldersgate,,,,,,,,,,,,,,,,,,,,,,,,,,,,,,,,,,,,,,,,,,,,,,,,,,,,
Buried in the 97 Parishes within the Walls 74 Plague 0,,,,,,,,,,,,,,,,,,,,,,,,,,,,,,,,,,,,,,,,,,,,,,,,,,,,
Sâ€¢ Andrews Holborne,,,,,,,,,,,,,,,19,,,,,,,16,,,,,,,,,,,,,,,,,,,,,,,,,,,,,,
"Buried in the 16 Parishes without the Walls, and at the Pesthouse 138 Plague 0",,,,,,,,,,,,,,,,,,,,,,,,,,,,,,,,,,,,,,,,,,,,,,,,,,,,
St James Clerkâ€¢nwel,,,,,,,,,,,,,,,11,,,,,,,,,,,,,,,,,,,,,,,,,,,,,,,,,,,,,
Buried in the 12 out Parishes in Middlesex and Surry 86 Plague 0,,,,,,,,,,,,,,,,,,,,,,,,,,,,,,,,,,,,,,,,,,,,,,,,,,,,
Sâ€¢ Gregories by St Paulâ€¢,,,,,,,,,,,,,,,5,,,,,,,,,,,,,,,,,,,,,,,,,,,,,,,,,,,,,
St Katharine â€¢rechurch,,,,,,,,,,,,,,,2,,,,,,,,,,,,,,,,,,,,,,,,,,,,,,,,,,,,,
St Leonard Posterlane,,,,,,,,,,,,,,,3,,,,,,,,,,,,,,,,,,,,,,,,,,,,,,,,,,,,,
St Mary Stayningâ€¢,,,,,,,,,,,,,,,1,,,,,,,,,,,,,,,,,,,,,,,,,,,,,,,,,,,,,
St Mary Woolâ€¢oth,,,,,,,,,,,,,,,1,,,,,,,,,,,,,,,,,,,,,,,,,,,,,,,,,,,,,
St Mathew Fridaystrâ€¢et,,,,,,,,,,,,,,,,,,,,,,,,,,,,,,,,,,,,,,,,,,,,,,,,,,,,
St Olaves Hartâ€¢trâ€¢et,,,,,,,,,,,,,,,,,,,,,,,,,,,,,,,,,,,,,,,,,,,,,,,,,,,,
Trinity Parisâ€¢,,,,,,,,,,,,,,,,,,,,,,,,,,,,,,,,,,,,,,,,,,,,,,,,,,,,
St Saviours Sâ€¢uthwark,,,,,,,,,,,,,,,14,,,,,,,,,,,,,,,,,,,,,,,,,,,,,,,,,,,,,
Sâ€¢ Andrew Hubbard,,,,,,,,,,,,,,,,1,,,,,,,,,,,,,,,,,,,,,,,,,,,,,,,,,,,,
Buried in the 97 Parishes within the Walls 81 Plague 0,,,,,,,,,,,,,,,,,,,,,,,,,,,,,,,,,,,,,,,,,,,,,,,,,,,,
"Buried in the 16 Parishes without the Walls, and at the Pesthouse 149 Plague 0",,,,,,,,,,,,,,,,,,,,,,,,,,,,,,,,,,,,,,,,,,,,,,,,,,,,
Buried in the 12 out Parishes in Middlesex and Surry 107 Plague 0,,,,,,,,,,,,,,,,,,,,,,,,,,,,,,,,,,,,,,,,,,,,,,,,,,,,
St Margaret Neâ€¢fishsâ€¢,,,,,,,,,,,,,,,,1,,,,,,,,,,,,,,,,,,,,,,,,,,,,,,,,,,,,
St Margaret Pattonâ€¢,,,,,,,,,,,,,,,,,,,,,,,,,,,,,,,,,,,,,,,,,,,,,,,,,,,,
Sâ€¢ Botolph Aldgate,,,,,,,,,,,,,,,,20,,,,,,,,,,,,,,,,,,,,,,,,,,,,,,,,,,,,
St Mathew Fridaystreeâ€¢,,,,,,,,,,,,,,,,,,,,,,,,,,,,,,,,,,,,,,,,,,,,,,,,,,,,
St Maudlins Milkstree,,,,,,,,,,,,,,,,,,,,,,,,,,,,,,,,,,,,,,,,,,,,,,,,,,,,
St Maudlins Oldfiâ€¢hstr,,,,,,,,,,,,,,,,,,,,,,,,,,,,,,,,,,,,,,,,,,,,,,,,,,,,
St Michael Crookedlâ€¢,,,,,,,,,,,,,,,,1,,,,,,,,,,,,,,,,,,,,,,,,,,,,,,,,,,,,
St Michael Queenhithâ€¢,,,,,,,,,,,,,,,,4,,,,,,,,,,,,,,,,,,,,,,,,,,,,,,,,,,,,
St Michael Woodstreâ€¢,,,,,,,,,,,,,,,,,,,,,,,,,,,,,,,,,,,,,,,,,,,,,,,,,,,,
St Mildred Breadstrâ€¢et,,,,,,,,,,,,,,,,,,,,,,,,,,,,,,,,,,,,,,,,,,,,,,,,,,,,
Bedriff Parish,,,,,,,,,,,,,,,,,,,,,,,,,,,,,,,,,,,,,,,,,,,,,,,,,,,,
Aâ€¢hallows Breadstreet,,,,,,,,,,,,,,,,,,,,,,,,,,,,,,,,,,,,,,,,,,,,,,,,,,,,
St Andrew Ward-robe,,,,,,,,,,,,,,,,,3,,,,,,,,,,,,,,,,,,,,,,,,,,,,,,,,,,,
St Ann Alderigate,,,,,,,,,,,,,,,,,1,,,,,,,,,,,,,,,,,,,,,,,,,,,,,,,,,,,
St Bennet Graeechurel,,,,,,,,,,,,,,,,,,,,,,,,,,,,,,,,,,,,,,,,,,,,,,,,,,,,
St Dinnis Backebutch,,,,,,,,,,,,,,,,,,,,,,,,,,,,,,,,,,,,,,,,,,,,,,,,,,,,
St Bartholomew Losse,,,,,,,,,,,,,,,,,,,,,,,,,,,,,,,,,,,,,,,,,,,,,,,,,,,,
St Brides Pariâ€¢â€¢,,,,,,,,,,,,,,,,,7,,,,,,,,,,,,,,,,,,,,,,,,,,,,,,,,,,,
Bridewel Precinâ€¢â€¢,,,,,,,,,,,,,,,,,,,,,,,,,,,,,,,,,,,,,,,,,,,,,,,,,,,,
"Buried in the 16 Parishes without the Walls, and at the Pesthouse 126 Plague 0",,,,,,,,,,,,,,,,,,,,,,,,,,,,,,,,,,,,,,,,,,,,,,,,,,,,
St Giles in the field,,,,,,,,,,,,,,,,,25,,,,,,,,,,,,,,,,,,,,,,,,,,,,,,,,,,,
Buried in the 12 out Parishes in Middlesex and Surry 93 Plague 0,,,,,,,,,,,,,,,,,,,,,,,,,,,,,,,,,,,,,,,,,,,,,,,,,,,,
St James Garlickithe,,,,,,,,,,,,,,,,,2,,,,,,,,,,,,,,,,,,,,,,,,,,,,,,,,,,,
St Katharins Coleman,,,,,,,,,,,,,,,,,1,,,,,,,,,,,,,,,,,,,,,,,,,,,,,,,,,,,
St Margaret Neâ€¢fisâ€¢â€¢,,,,,,,,,,,,,,,,,,,,,,,,,,,,,,,,,,,,,,,,,,,,,,,,,,,,
St Magdalen Barmond.,,,,,,,,,,,,,,,,,5,,,,,,,,,,,,,,,,,,,,,,,,,,,,,,,,,,,
St Maudlins Milkâ€¢â€¢reet,,,,,,,,,,,,,,,,,1,,,,,,,,,,,,,,,,,,,,,,,,,,,,,,,,,,,
St Maudlins Oldâ€¢â€¢â€¢â€¢r.,,,,,,,,,,,,,,,,,2,,,,,,,,,,,,,,,,,,,,,,,,,,,,,,,,,,,
St Michael Baâ€¢â€¢â€¢â€¢aw,,,,,,,,,,,,,,,,,3,,,,,,,,,,,,,,,,,,,,,,,,,,,,,,,,,,,
St Olaves Martstreet,,,,,,,,,,,,,,,,,St Bennet Paulswharfe,,,,,,,,,,,,,,,,,,,,,,,,,,,,,,,,,,,
St Mary Ishagton,,,,,,,,,,,,,,,,,2,,,,,,,,,,,,,,,,,,,,,,,,,,,,,,,,,,,
St Mary Whitechappâ€¢l,,,,,,,,,,,,,,,,,9,,,,,,,,,,,,,,,,,,,,,,,,,,,,,,,,,,,
Whereof at the Pesthous.,,,,,,,,,,,,,,,,,,,,,,,,,,,,,,,,,,,,,,,,,,,,,,,,,,,,
St Bartholomew Exchâ€¢,,,,,,,,,,,,,,,,,,2,,,3,,,,,,,,,,,,,,,,,,,,,,,,,,,,,,,
St Botolph Billingsgatâ€¢,,,,,,,,,,,,,,,,,,1,,,,,,,,,,,,,,,,,,,,,,,,,,,,,,,,,,
St Dinnis Backchurch,,,,,,,,,,,,,,,,,,1,,,,,,,,,,,,,,,,,,,,,,,,,,,,,,,,,,
Buried in the 97 Parishes within the Walls 65 Plague 0,,,,,,,,,,,,,,,,,,,,,,,,,,,,,,,,,,,,,,,,,,,,,,,,,,,,
"Buried in the 16 Parishes without the Walls, and at the Pesthouse 145 Plague 0",,,,,,,,,,,,,,,,,,,,,,,,,,,,,,,,,,,,,,,,,,,,,,,,,,,,
Buried in the 12 out Parishes in Middlesex and Surry 119 Plague 2,,,,,,,,,,,,,,,,,,,,,,,,,,,,,,,,,,,,,,,,,,,,,,,,,,,,
St Clement Dâ€¢nâ€¢,,,,,,,,,,,,,,,,,,12,,,,,,,,,,,,,,,,,,,,,,,,,,,,,,,,,,
St Margaret Neâ€¢sithâ€¢â€¢,,,,,,,,,,,,,,,,,,,,,,,,,,,,,,,,,,,,,,,,,,,,,,,,,,,,
St Martins Oâ€¢â€¢â€¢rs,,,,,,,,,,,,,,,,,,,,,,,,,,,,,,,,,,,,,,,,,,,,,,,,,,,,
St Maudlins Milkâ€¢treet,,,,,,,,,,,,,,,,,,,,,,,,,,,,,,,,,,,,,,,,,,,,,,,,,,,,
St Maudlins Oldâ€¢â€¢â€¢â€¢r,,,,,,,,,,,,,,,,,,3,,,,,,,,,,,,,,,,,,,,,,,,,,,,,,,,,,
St Michael Baâ€¢â€¢sâ€¢aw,,,,,,,,,,,,,,,,,,1,,,,,,,,,,,,,,,,,,,,,,,,,,,,,,,,,,
St Michael Crookeâ€¢â€¢a.,,,,,,,,,,,,,,,,,,,,,,,,,,,,,,,,,,,,,,,,,,,,,,,,,,,,
St Peters Paulswarf,,,,,,,,,,,,,,,,,,,,,,,,,,,,,,,,,,,,,,,,,,,,,,,,,,,,
St Margaret Westminst,,,,,,,,,,,,,,,,,,23,,,16,,,,,,,,,,,,,,,,,,,,,,,,,,,,,,,
Whereof at theâ€¢â€¢sthouse,,,,,,,,,,,,,,,,,,,,,,,,,,,,,,,,,,,,,,,,,,,,,,,,,,,,
Buried in the 97 Parishes within the Walls 70 Plague 0,,,,,,,,,,,,,,,,,,,,,,,,,,,,,,,,,,,,,,,,,,,,,,,,,,,,
Buried in the 12 out Parishes in Middlesex and Surry 127 Plague 0,,,,,,,,,,,,,,,,,,,,,,,,,,,,,,,,,,,,,,,,,,,,,,,,,,,,
â€¢imâ€¢eâ€¢h Parish,,,,,,,,,,,,,,,,,,,5,,,,,,,,,,,,,,,,,,,,,,,,,,,,,,,,,
Buried in the 97 Parishes within the Walls 54 Plague 1,,,,,,,,,,,,,,,,,,,,,,,,,,,,,,,,,,,,,,,,,,,,,,,,,,,,
St Bartholâ€¢mew Lesse,,,,,,,,,,,,,,,,,,,,1,,,,,,,,,,,,,,,,,,,,,,,,,,,,,,,,
"Buried in the 16 Parishes without the Walls, and at the Pesthouse 123 Plague 1",,,,,,,,,,,,,,,,,,,,,,,,,,,,,,,,,,,,,,,,,,,,,,,,,,,,
â€¢ackney Parish,,,,,,,,,,,,,,,,,,,,5,,,,,,,,,1,,,,,,,,,,,,,,,,,,,,,,,
Buried in the 12 out Parishes in Middlesex and Surry 114 Plague 3,,,,,,,,,,,,,,,,,,,,,,,,,,,,,,,,,,,,,,,,,,,,,,,,,,,,
â€¢amâ€¢eth Parish,,,,,,,,,,,,,,,,,,,,6,,,,,,,,,,,,,,,,,,,,,,,,,,,,,,,,
St Thoâ€¢as Apostle,,,,,,,,,,,,,,,,,,,,,,,,,,,,,,,,,,,,,,,,,,,,,,,,,,,,
St Mary Iflington,,,,,,,,,,,,,,,,,,,,2,,,1,1,,,,,,,,,,,,,,,,,,,,,,,,,,,,
Steâ€¢ney Parish,,,,,,,,,,,,,,,,,,,,30,,,,28,,,,,,,,,,,,,,,,,,,,,,,,,,,,
St Andrew Hubberd,,,,,,,,,,,,,,,,,,,,,,,,,,,,,,,,,,,,,,,,,,,,,,,,,,,,
St Gabriel Fenechurch,,,,,,,,,,,,,,,,,,,,,1,,,,,,,,,,,,,,,,,,,,,,,,,,,,,,,
Buried in the 97 Parishes within the Walls 55 Plague 0,,,,,,,,,,,,,,,,,,,,,,,,,,,,,,,,,,,,,,,,,,,,,,,,,,,,
Sâ€¢ Bartholomew Lesse,,,,,,,,,,,,,,,,,,,,,1,,,,,,,,,,,,,,,,,,,,,,,,,,,,,,,
ã€ˆâ—Šã€‰ James Clerkenwel,,,,,,,,,,,,,,,,,,,,,4,,,,,,,,,,,,,,,,,,,,,,,,,,,,,,,
Buried in the 12 out Parishes in Middlesex and Surry 116 Plague 1,,,,,,,,,,,,,,,,,,,,,,,,,,,,,,,,,,,,,,,,,,,,,,,,,,,,
St Margaret Lothbury.,,,,,,,,,,,,,,,,,,,,,,,,,,,,,,,,,,,,,,,,,,,,,,,,,,,,
â€¢ambeth Parish,,,,,,,,,,,,,,,,,,,,,5,1,,,,,,,,,,,,,,,,,,,,,,,,,,,,,,
St Maudlins Oldfishstr,,,,,,,,,,,,,,,,,,,,,,,,,,,,,,,,,,,,,,,,,,,,,,,,,,,,
St Peters Corâ€¢hil,,,,,,,,,,,,,,,,,,,,,,,,,,,,,,,,,,,,,,,,,,,,,,,,,,,,
St Mary Whitechappe,,,,,,,,,,,,,,,,,,,,,12,,,,,,,,,,,,,,,,,,,,,,,,,,,,,,,
â€¢hereof at the Pesthouse,,,,,,,,,,,,,,,,,,,,,,,,,,,,,,,,,,,,,,,,,,,,,,,,,,,,
St Andrew Undersâ€¢aft,,,,,,,,,,,,,,,,,,,,,,2,,,,,,,,,,,,,,,,,,,,,,,,,,,,,,
Buried in the 97 Parishes within the Walls 63 Plague 0,,,,,,,,,,,,,,,,,,,,,,,,,,,,,,,,,,,,,,,,,,,,,,,,,,,,
Sâ€¢ Bartholomew Great,,,,,,,,,,,,,,,,,,,,,,2,,,,,,,,,,,,,,,,,,,,,,,,,,,,,,
"Buried in the 16 Parishes without the Walls, and at the Pesthouse 125 Plague 2",,,,,,,,,,,,,,,,,,,,,,,,,,,,,,,,,,,,,,,,,,,,,,,,,,,,
Buried in the 12 out Parishes in Middlesex and Surry 129 Plague 7,,,,,,,,,,,,,,,,,,,,,,,,,,,,,,,,,,,,,,,,,,,,,,,,,,,,
St Clement Daneâ€¢,,,,,,,,,,,,,,,,,,,,,,19,,,,,,,,,,,,,,,,,,,,,,,,,,,,,,
St Leonard Fosterlant,,,,,,,,,,,,,,,,,,,,,,1,,,,,,,,,,,,,,,,,,,,,,,,,,,,,,
St Margaret Newfiâ€¢shâ€¢â€¢,,,,,,,,,,,,,,,,,,,,,,2,,,,,,,,,,,,,,,,,,,,,,,,,,,,,,
St Maudlins Oldfish str.,,,,,,,,,,,,,,,,,,,,,,1,,,,,,,,,,,,,,,,,,,,,,,,,,,,,,
Buried in the 97 Parishes within the Walls 56 Plague 0,,,,,,,,,,,,,,,,,,,,,,,,,,,,,,,,,,,,,,,,,,,,,,,,,,,,
"Buried in the 16 Parishes without the Walls, and at the Pesthouse 127 Plaguâ€¢ 4",,,,,,,,,,,,,,,,,,,,,,,,,,,,,,,,,,,,,,,,,,,,,,,,,,,,
St Kath. neer the Toweâ€¢,,,,,,,,,,,,,,,,,,,,,,,2,,,,,,,,,,,,,,,,,,,,,,,,,,,,,
Buried in the 12 out Parishes in Middlesex and Surry 145 Plague 9,,,,,,,,,,,,,,,,,,,,,,,,,,,,,,,,,,,,,,,,,,,,,,,,,,,,
Lamâ€¢eth Parish,,,,,,,,,,,,,,,,,,,,,,,6,,,,,,,,,,,,,,,,,,,,,,,,,,,,,
St Michael Bassiâ€¢haw,,,,,,,,,,,,,,,,,,,,,,,3,,,,,,,,,,,,,,,,,,,,,,,,,,,,,
St Pancras Soperlant,,,,,,,,,,,,,,,,,,,,,,,,,,,,,,,,,,,,,,,,,,,,,,,,,,,,
Sâ€¢ Botolph Aldersgate,,,,,,,,,,,,,,,,,,,,,,,,1,,,,,,,,,,,,,,,,,,,,,,,,,,,,
"Buried in the 16 Parishes without the Walls, and at the Pesthouse 135 Plague 10",,,,,,,,,,,,,,,,,,,,,,,,,,,,,,,,,,,,,,,,,,,,,,,,,,,,
S James Clerkenwel,,,,,,,,,,,,,,,,,,,,,,,,2,,,,,,,,,,,,,,,,,,,,,,,,,,,,
Buried in the 12 out Parishes in Middlesex and Surry 138 Plague 32,,,,,,,,,,,,,,,,,,,,,,,,,,,,,,,,,,,,,,,,,,,,,,,,,,,,
St Michael Crookedia.,,,,,,,,,,,,,,,,,,,,,,,,2,,,,,,,,,,,,,,,,,,,,,,,,,,,,
St Nicholas Colâ€¢abby,,,,,,,,,,,,,,,,,,,,,,,,,,,,,,,,,,,,,,,,,,,,,,,,,,,,
St Alhallows Barking,,,,,,,,,,,,,,,,,,,,,,,,,1,,,,,,,,,,,,,,,,,,,,,,,,,,,
Buried in the 97 Parishes within the Walls 67 Plague 4,,,,,,,,,,,,,,,,,,,,,,,,,,,,,,,,,,,,,,,,,,,,,,,,,,,,
"Buried in the 16 Parishes without the Walls, and at the Pesthouse 179 Plague 27",,,,,,,,,,,,,,,,,,,,,,,,,,,,,,,,,,,,,,,,,,,,,,,,,,,,
St Giles in the fieldâ€¢,,,,,,,,,,,,,,,,,,,,,,,,,120,,,,,,,,,,,,,,140,,,,,,,,,,,,,
Hâ€¢câ€¢ney Parish,,,,,,,,,,,,,,,,,,,,,,,,,2,,,,,,,,,,,,,,,,,,,,,,,,,,,
Buried in the 12 out Parishes in Middlesex and Surry 238 Plague 71,,,,,,,,,,,,,,,,,,,,,,,,,,,,,,,,,,,,,,,,,,,,,,,,,,,,
St Mary Iâ€¢lington,,,,,,,,,,,,,,,,,,,,,,,,,,,,,,,,,,,,,,,,,,,,,,,,,,,,
Buried in the 97 Parishes within the Walls 64 Plague 10,,,,,,,,,,,,,,,,,,,,,,,,,,,,,,,,,,,,,,,,,,,,,,,,,,,,
"Buried in the 16 Parishes without the Walls, and at the Pesthouse 192 Plague 34",,,,,,,,,,,,,,,,,,,,,,,,,,,,,,,,,,,,,,,,,,,,,,,,,,,,
Buried in the 12 out Parishes in Middlesex and Surry 258 Plague 105,,,,,,,,,,,,,,,,,,,,,,,,,,,,,,,,,,,,,,,,,,,,,,,,,,,,
Buried in the 97 Parishes within the Walls 49 Plague 4,,,,,,,,,,,,,,,,,,,,,,,,,,,,,,,,,,,,,,,,,,,,,,,,,,,,
Briâ€¢ewel Precinct,,,,,,,,,,,,,,,,,,,,,,,,,,,,,,,,,,,,,,,,,,,,,,,,,,,,
"Buried in the 16 Parishes without the Walls, and at the Pesthouse 225 Plague 55",,,,,,,,,,,,,,,,,,,,,,,,,,,,,,,,,,,,,,,,,,,,,,,,,,,,
Buried in the 12 out Parishes in Middlesex and Surrey 291 Plague 153,,,,,,,,,,,,,,,,,,,,,,,,,,,,,,,,,,,,,,,,,,,,,,,,,,,,
Buried in the 97 Parishes within the Walls 93 Plague 23,,,,,,,,,,,,,,,,,,,,,,,,,,,,,,,,,,,,,,,,,,,,,,,,,,,,
"Buried in the 16 Parishes without the Walls, and at the Pesthouse 360 Plague 166",,,,,,,,,,,,,,,,,,,,,,,,,,,,,,,,,,,,,,,,,,,,,,,,,,,,
Buried in the 12 out Parishes in Middlesex and Surrey 345 Plague 176,,,,,,,,,,,,,,,,,,,,,,,,,,,,,,,,,,,,,,,,,,,,,,,,,,,,
Buried in the 97 Parishes within the Walls 86 Plague 28,,,,,,,,,,,,,,,,,,,,,,,,,,,,,,,,,,,,,,,,,,,,,,,,,,,,
â€¢ridewel Precinct,,,,,,,,,,,,,,,,,,,,,,,,,,,,,1,,,,,,,,,,,,,,,,,,,,,,,
"Buried in the 16 Parishes without the Walls, and at the Pesthouse 473 Plague 25â€¢",,,,,,,,,,,,,,,,,,,,,,,,,,,,,,,,,,,,,,,,,,,,,,,,,,,,
Buried in the 12 out Parishes in Middlesex and Surry 455 Plaguâ€¢ 286,,,,,,,,,,,,,,,,,,,,,,,,,,,,,,,,,,,,,,,,,,,,,,,,,,,,
â€¢t Paul Covent Garden,,,,,,,,,,,,,,,,,,,,,,,,,,,,,6,,,,,,,,,,,,,,,,,,,,,,,
Buried in the 97 Parishes within the Walls 141 Plague 56,,,,,,,,,,,,,,,,,,,,,,,,,,,,,,,,,,,,,,,,,,,,,,,,,,,,
"Buried in the 16 Parishes without the Walls, and at the Pesthouse 735 Plague 416",,,,,,,,,,,,,,,,,,,,,,,,,,,,,,,,,,,,,,,,,,,,,,,,,,,,
Buried in the 12 out Parishes in Middlesex and Surry 595 Plague 417,,,,,,,,,,,,,,,,,,,,,,,,,,,,,,,,,,,,,,,,,,,,,,,,,,,,
Alhallows Lumbardstreeâ€¢,,,,,,,,,,,,,,,,,,,,,,,,,,,,,,,2,,,,,,,,,,,,,,,,,,,,,
Buried in thâ€¢ 97 Parishes within the Walls 241 Plague 128,,,,,,,,,,,,,,,,,,,,,,,,,,,,,,,,,,,,,,,,,,,,,,,,,,,,
"Buriâ€¢d n the 16 Parishes without the Walls, and at the Pesthouse 1210 Plague 755",,,,,,,,,,,,,,,,,,,,,,,,,,,,,,,,,,,,,,,,,,,,,,,,,,,,
Buried in the 12 out Parishes in Middlesex and Surrey 857 Plague 628,,,,,,,,,,,,,,,,,,,,,,,,,,,,,,,,,,,,,,,,,,,,,,,,,,,,
St Maâ€¢â€¢ le Bow,,,,,,,,,,,,,,,,,,,,,,,,,,,,,,,,,,,,,,,,,,,,,,,,,,,,
Whereâ€¢â€¢ at the Pesthouse,,,,,,,,,,,,,,,,,,,,,,,,,,,,,,,,,,,,,,,,,,,,,,,,,,,,
Alhâ€¢llows Breadstreet,,,,,,,,,,,,,,,,,,,,,,,,,,,,,,,,,,,,,,,,,,,,,,,,,,,,
Aâ€¢â€¢â€¢llows Great,,,,,,,,,,,,,,,,,,,,,,,,,,,,,,,,5,,,,,,,,,,,,,,,,,,,,
Christned in the 97 Parishes within the Walls 39 Buried 228 Plague 111,,,,,,,,,,,,,,,,,,,,,,,,,,,,,,,,,,,,,,,,,,,,,,,,,,,,
"Christned in the 16 Parishes without the Walls 76 Buried, and at the Pesthouse 1539 Plague 990",,,,,,,,,,,,,,,,,,,,,,,,,,,,,,,,,,,,,,,,,,,,,,,,,,,,
Christned in the 12 out Parishes in Middlesex and Surrey 62 Buried 804 Plague 587,,,,,,,,,,,,,,,,,,,,,,,,,,,,,,,,,,,,,,,,,,,,,,,,,,,,
â€¢lhallows Breadstreet,,,,,,,,,,,,,,,,,,,,,,,,,,,,,,,,,3,,,,,,,,,,,,,,,,,,,
Christned in the 97 Parishes within the Walls 36 Buried 341 Plague 208,,,,,,,,,,,,,,,,,,,,,,,,,,,,,,,,,,,,,,,,,,,,,,,,,,,,
"Christned in the 16 Parishes without the Walls 67 Buried, and at the Pesthouse 1992 Plague 1280",,,,,,,,,,,,,,,,,,,,,,,,,,,,,,,,,,,,,,,,,,,,,,,,,,,,
Christâ€¢eâ€¢ in the 12 out Parishes in Middlesex and Surry 53 Buried 1105 Plague 879,,,,,,,,,,,,,,,,,,,,,,,,,,,,,,,,,,,,,,,,,,,,,,,,,,,,
St Martin in the fieldâ€¢,,,,,,,,,,,,,,,,,,,,,,,,,,,,,,,,,304,,,,,,,,,,,,,,,,,,,
St Margaret Westminsteâ€¢,,,,,,,,,,,,,,,,,,,,,,,,,,,,,,,,,199,,,,,,,,,,185,,,,,,,,,
Christned in the 97 Parishes within the Walls 38 Buried 496 Plague 304,,,,,,,,,,,,,,,,,,,,,,,,,,,,,,,,,,,,,,,,,,,,,,,,,,,,
"Christned in the 16 Parishes without the Walls 62 Buried, and at the Pesthouse 2747 Plague 1924",,,,,,,,,,,,,,,,,,,,,,,,,,,,,,,,,,,,,,,,,,,,,,,,,,,,
Christned in the 12 out Parishes in Middlesex and Surry 45 Buried 1404 Plague 1119,,,,,,,,,,,,,,,,,,,,,,,,,,,,,,,,,,,,,,,,,,,,,,,,,,,,
Alhallows Breadstreeâ€¢,,,,,,,,,,,,,,,,,,,,,,,,,,,,,,,,,,,1,,,,,,,,,,,,,,,,,
Alhallows Honylâ€¢ne,,,,,,,,,,,,,,,,,,,,,,,,,,,,,,,,,,,,,,,,,,,,,,,,,,,,
Christned in the 97 Parishes within the Walls 34 Buried 538 Plague 366,,,,,,,,,,,,,,,,,,,,,,,,,,,,,,,,,,,,,,,,,,,,,,,,,,,,
St Andrew Holâ€¢â€¢rn,,,,,,,,,,,,,,,,,,,,,,,,,,,,,,,,,,,232,,,,,,,,,,,,,,,,,
St Bridgeâ€¢,,,,,,,,,,,,,,,,,,,,,,,,,,,,,,,,,,,147,,,,,,,,,,,,,,,,,
"Christned in the 16 Parishes wâ€¢thout the Walls 61 Buried, and at the Pesthouse 2861 Plague 2139",,,,,,,,,,,,,,,,,,,,,,,,,,,,,,,,,,,,,,,,,,,,,,,,,,,,
Christned in â€¢he 12 out â€¢â€¢â€¢isheâ€¢ in Middlesex and Surrey 49 Buried 1571 Plague 1244,,,,,,,,,,,,,,,,,,,,,,,,,,,,,,,,,,,,,,,,,,,,,,,,,,,,
St Martiâ€¢ Orgâ€¢â€¢,,,,,,,,,,,,,,,,,,,,,,,,,,,,,,,,,,,8,,,,,,,,,,,,,,,,,
Ch istned in the 97 Parishes within the Walls 29 Buried 933 Plague 700,,,,,,,,,,,,,,,,,,,,,,,,,,,,,,,,,,,,,,,,,,,,,,,,,,,,
"Christned in the 16 Parishes wâ€¢thout the Walls 61 Buried, and at the Pesthouse 3637 Plague 2928",,,,,,,,,,,,,,,,,,,,,,,,,,,,,,,,,,,,,,,,,,,,,,,,,,,,
St Kath. near the Toâ€¢â€¢â€¢,,,,,,,,,,,,,,,,,,,,,,,,,,,,,,,,,,,,87,,,,,,,,,,,,,,,,
Châ€¢istned â€¢n â€¢he 12 out â€¢a â€¢hes in Middlesex and Surrey 58 Buried 2045 Plague 1759,,,,,,,,,,,,,,,,,,,,,,,,,,,,,,,,,,,,,,,,,,,,,,,,,,,,
St Michael Bâ€¢â€¢siâ€¢haw,,,,,,,,,,,,,,,,,,,,,,,,,,,,,,,,,,,,19,,,,,,,,,,,,,,,,
St Michael Coâ€¢â€¢hil,,,,,,,,,,,,,,,,,,,,,,,,,,,,,,,,,,,,3,,,,,,,,,,,,,,,,
Christned in the 97 Parishes within the Walls 34 Buried 1118 Plague 864,,,,,,,,,,,,,,,,,,,,,,,,,,,,,,,,,,,,,,,,,,,,,,,,,,,,
"â€¢hristned in the 16 Parishes without the Walls 64 Buried, and at the Pesthouse 3736 Plague 3151",,,,,,,,,,,,,,,,,,,,,,,,,,,,,,,,,,,,,,,,,,,,,,,,,,,,
Fackney Parish,,,,,,,,,,,,,,,,,,,,,,,,,,,,,,,,,,,,,13,,,,,,,,,,,,,,,
Christned in the 12 out Parishes in Middlesex and Surry 49 Buried 2549 Plague 2261,,,,,,,,,,,,,,,,,,,,,,,,,,,,,,,,,,,,,,,,,,,,,,,,,,,,
St Botolph Bishopgate,,,,,,,,,,,,,,,,,,,,,,,,,,,,,,,,,,,,,368,,,,,,,,,,,,,,,
St Steven Colemanstreat,,,,,,,,,,,,,,,,,,,,,,,,,,,,,,,,,,,,,47,,,,,,,,,,,,,,,
Christned in the 97 Parishes within the Walls 42 Buried 1154 Plague 896,,,,,,,,,,,,,,,,,,,,,,,,,,,,,,,,,,,,,,,,,,,,,,,,,,,,
St Andrew Holbâ€¢rn,,,,,,,,,,,,,,,,,,,,,,,,,,,,,,,,,,,,,,255,,,,,,,,,,,,,,
St Bartholâ€¢mew Great,,,,,,,,,,,,,,,,,,,,,,,,,,,,,,,,,,,,,,â€¢2,,,,,,,,,,,,,,
"â€¢hâ€¢istned in the 16 Parishes without the Walls 58 Buried, and at the Pesthouse 3488 Plague 2936",,,,,,,,,,,,,,,,,,,,,,,,,,,,,,,,,,,,,,,,,,,,,,,,,,,,
Châ€¢istned in the 12 out Parishes in Middlesex and Surry 43 Buried 2250 Plague 2030,,,,,,,,,,,,,,,,,,,,,,,,,,,,,,,,,,,,,,,,,,,,,,,,,,,,
Châ€¢istnâ€¢d in the 97 Parishes within the Walls 40 Buried 1493 Plague 1189,,,,,,,,,,,,,,,,,,,,,,,,,,,,,,,,,,,,,,,,,,,,,,,,,,,,
"Christned in the 16 Parishes without the Walls 65 Buried, and at the Pesthouse 3631 Plagueâ€”370",,,,,,,,,,,,,,,,,,,,,,,,,,,,,,,,,,,,,,,,,,,,,,,,,,,,
Hacâ€¢ney Parish,,,,,,,,,,,,,,,,,,,,,,,,,,,,,,,,,,,,,,,22,,,,,,,,,,,,,
Christned in the 12 out Parishes in Middlesex and Sâ€¢rrey 42 Buried 2258 Plague 2091,,,,,,,,,,,,,,,,,,,,,,,,,,,,,,,,,,,,,,,,,,,,,,,,,,,,
Alhâ€¢llows Honylane,,,,,,,,,,,,,,,,,,,,,,,,,,,,,,,,,,,,,,,,1,,,,,,,,,,,,
Châ€¢istnâ€¢d in the 97 Parishes within the Walls 38 Buried 1268 Plague 1025,,,,,,,,,,,,,,,,,,,,,,,,,,,,,,,,,,,,,,,,,,,,,,,,,,,,
"Christned in the 16 Parishes without the Walls 41 Buried, and at the Pesthouse 2688 Plague 2252",,,,,,,,,,,,,,,,,,,,,,,,,,,,,,,,,,,,,,,,,,,,,,,,,,,,
Christned in the 12 out Pariâ€¢hes iâ€¢ Middlesex and Surrey 44 Buried 1794 Pâ€¢â€¢gue 1643,,,,,,,,,,,,,,,,,,,,,,,,,,,,,,,,,,,,,,,,,,,,,,,,,,,,
St Martin Iremongerlanâ€¢,,,,,,,,,,,,,,,,,,,,,,,,,,,,,,,,,,,,,,,,2,,,,,,,,,,,,
St Michael Crookedlanâ€¢,,,,,,,,,,,,,,,,,,,,,,,,,,,,,,,,,,,,,,,,15,,,,,,,,,,,,
St Margaret Westmins er,,,,,,,,,,,,,,,,,,,,,,,,,,,,,,,,,,,,,,,,300,,,,,,,,,,,,
Christned in the 97 Parishes within the Wallsâ€” 39 Bâ€¢riedâ€” 1149 Plagueâ€” 948,,,,,,,,,,,,,,,,,,,,,,,,,,,,,,,,,,,,,,,,,,,,,,,,,,,,
"Christned in the 16 Parishes without the Wallsâ€”45 Buried, and at the Pesthouseâ€”2258 Plagueâ€” 1922",,,,,,,,,,,,,,,,,,,,,,,,,,,,,,,,,,,,,,,,,,,,,,,,,,,,
Christned in the 12 out Parishes in Middlesex and Surryâ€”40 Buriedâ€” 1623 Plagueâ€” 1469,,,,,,,,,,,,,,,,,,,,,,,,,,,,,,,,,,,,,,,,,,,,,,,,,,,,
St Matthew Fridaystreâ€¢â€¢,,,,,,,,,,,,,,,,,,,,,,,,,,,,,,,,,,,,,,,,,,,,,,,,,,,,
St Maudlin Mâ€¢lksâ€¢râ€¢et,,,,,,,,,,,,,,,,,,,,,,,,,,,,,,,,,,,,,,,,,4,,,,,,,,,,,
St Maâ€¢dlin Oldfishsâ€¢reet,,,,,,,,,,,,,,,,,,,,,,,,,,,,,,,,,,,,,,,,,8,,,,,,,,,,,
St Michael Bassâ€¢shaw,,,,,,,,,,,,,,,,,,,,,,,,,,,,,,,,,,,,,,,,,10,,,,,,,,,,,
St Mary â€¢â€¢lington,,,,,,,,,,,,,,,,,,,,,,,,,,,,,,,,,,,,,,,,,35,,,,,,,,,,,
Christned in the 97 Parishes within the Walls 31 Buried 1109 Plague 916,,,,,,,,,,,,,,,,,,,,,,,,,,,,,,,,,,,,,,,,,,,,,,,,,,,,
"Christned in the 16 Parishes without the Walls 48 Buried, and at the Pesthouse 1850 Plague 1570",,,,,,,,,,,,,,,,,,,,,,,,,,,,,,,,,,,,,,,,,,,,,,,,,,,,
Christned in the 12 out Parishes in Middlesex and Surry 38 Buried 1512 Plague 1340,,,,,,,,,,,,,,,,,,,,,,,,,,,,,,,,,,,,,,,,,,,,,,,,,,,,
Christned in the 97 Parishes within the Walls 33 Buried 774 Plague 646,,,,,,,,,,,,,,,,,,,,,,,,,,,,,,,,,,,,,,,,,,,,,,,,,,,,
Christned in the 16 Parishes wâ€¢thout the Walls 45 Buried and at thâ€¢ Pesthouâ€¢e 1150 Plague 926,,,,,,,,,,,,,,,,,,,,,,,,,,,,,,,,,,,,,,,,,,,,,,,,,,,,
Christned in the 12 out Parishes in Middlesex and Surrey 42 Buried 935 Plague 791,,,,,,,,,,,,,,,,,,,,,,,,,,,,,,,,,,,,,,,,,,,,,,,,,,,,
St Maudlin Oldfishstreâ€¢t,,,,,,,,,,,,,,,,,,,,,,,,,,,,,,,,,,,,,,,,,,,14,,,,,,,,,
St Michael Bâ€¢â€¢â€¢ishaw,,,,,,,,,,,,,,,,,,,,,,,,,,,,,,,,,,,,,,,,,,,6,,,,,,,,,
St Michael Coâ€¢nhil,,,,,,,,,,,,,,,,,,,,,,,,,,,,,,,,,,,,,,,,,,,4,,,,,,,,,
Christned in the 97 Parishes within the Walls 21 Buried 392 Plague 295,,,,,,,,,,,,,,,,,,,,,,,,,,,,,,,,,,,,,,,,,,,,,,,,,,,,
"Christned in the 16 Parishes without the Walls 34 Buried, and at the Pesthouse 603 Plague 456",,,,,,,,,,,,,,,,,,,,,,,,,,,,,,,,,,,,,,,,,,,,,,,,,,,,
Christned in the 12 out Parishes in Middlesex and Surrey 35 Buried 601 Plague 493,,,,,,,,,,,,,,,,,,,,,,,,,,,,,,,,,,,,,,,,,,,,,,,,,,,,
St Michael Crookedlark,,,,,,,,,,,,,,,,,,,,,,,,,,,,,,,,,,,,,,,,,,,,8,,,,,,,,
Christned in the 97 Parishes within the Walls 25 Buried 325 Plague 233,,,,,,,,,,,,,,,,,,,,,,,,,,,,,,,,,,,,,,,,,,,,,,,,,,,,
"Châ€¢istned in the 16 Parishes without the Walls 36 Buried, and at the Pesthouse 470 Plague 356",,,,,,,,,,,,,,,,,,,,,,,,,,,,,,,,,,,,,,,,,,,,,,,,,,,,
Christned in the 12 out Parishes in Middlesex and Surry 27 Buried 435 Plague 323,,,,,,,,,,,,,,,,,,,,,,,,,,,,,,,,,,,,,,,,,,,,,,,,,,,,
â€¢â€¢hallows Breadstreet,,,,,,,,,,,,,,,,,,,,,,,,,,,,,,,,,,,,,,,,,,,,,,1,,,,,,
â€¢lhallows Honylane,,,,,,,,,,,,,,,,,,,,,,,,,,,,,,,,,,,,,,,,,,,,,,,,,,,,
Alâ€¢allows Lesse,,,,,,,,,,,,,,,,,,,,,,,,,,,,,,,,,,,,,,,,,,,,,,8,,,,,,
â€¢lâ€¢allows Lumbardstreet,,,,,,,,,,,,,,,,,,,,,,,,,,,,,,,,,,,,,,,,,,,,,,1,,,,,,
â€¢â€¢hallows Staining,,,,,,,,,,,,,,,,,,,,,,,,,,,,,,,,,,,,,,,,,,,,,,6,,,,,,
â€¢â€¢hallows the Wall,,,,,,,,,,,,,,,,,,,,,,,,,,,,,,,,,,,,,,,,,,,,,,17,,,,,,
â€¢â€¢ Dionis Backchurch,,,,,,,,,,,,,,,,,,,,,,,,,,,,,,,,,,,,,,,,,,,,,,3,,,,,,
Christned in the 97 Parishes within the Walls 23 Buried 418 Plague 314,,,,,,,,,,,,,,,,,,,,,,,,,,,,,,,,,,,,,,,,,,,,,,,,,,,,
â€¢t Andrew Holborn,,,,,,,,,,,,,,,,,,,,,,,,,,,,,,,,,,,,,,,,,,,,,,43,,,,,,
â€¢â€¢ Bartholomew Lesse,,,,,,,,,,,,,,,,,,,,,,,,,,,,,,,,,,,,,,,,,,,,,,3,,,,,,
â€¢â€¢â€¢dewel Precinct,,,,,,,,,,,,,,,,,,,,,,,,,,,,,,,,,,,,,,,,,,,,,,3,,,,,,
â€¢t Botolph Aldersgate,,,,,,,,,,,,,,,,,,,,,,,,,,,,,,,,,,,,,,,,,,,,,,15,,,,,,
"Châ€¢istned in the 16 Parishes without the Walls 32 Buried, and at the Pesthouse 546 Plague 445",,,,,,,,,,,,,,,,,,,,,,,,,,,,,,,,,,,,,,,,,,,,,,,,,,,,
â€¢t Giles in the fields,,,,,,,,,,,,,,,,,,,,,,,,,,,,,,,,,,,,,,,,,,,,,,32,,,,,,
â€¢â€¢ckney Parish,,,,,,,,,,,,,,,,,,,,,,,,,,,,,,,,,,,,,,,,,,,,,,11,,,,,,
â€¢â€¢ Kath. near the Tower,,,,,,,,,,,,,,,,,,,,,,,,,,,,,,,,,,,,,,,,,,,,,,13,,,,,,
Christned in the 12 out Parishes in Middlesex and Surry 28 Buried 609 Plague 488,,,,,,,,,,,,,,,,,,,,,,,,,,,,,,,,,,,,,,,,,,,,,,,,,,,,
Alhallows Hâ€¢â€¢ylane,,,,,,,,,,,,,,,,,,,,,,,,,,,,,,,,,,,,,,,,,,,,,,,,,,,,
Alhallows Stayninâ€¢,,,,,,,,,,,,,,,,,,,,,,,,,,,,,,,,,,,,,,,,,,,,,,,7,,,,,
St Antholins-Parish,,,,,,,,,,,,,,,,,,,,,,,,,,,,,,,,,,,,,,,,,,,,,,,,,,,,
St Diâ€¢nis Backchurch,,,,,,,,,,,,,,,,,,,,,,,,,,,,,,,,,,,,,,,,,,,,,,,1,,,,,
Christned in the 97 Parishes within the Walls 92 Buried 346 Plague 262,,,,,,,,,,,,,,,,,,,,,,,,,,,,,,,,,,,,,,,,,,,,,,,,,,,,
"Châ€¢istned in the 16 Parishes without the Walls 30 Buried, and at the Pesthouse 397 Plaguâ€¢ 309",,,,,,,,,,,,,,,,,,,,,,,,,,,,,,,,,,,,,,,,,,,,,,,,,,,,
Christned in the 12 out Parishes in Middlesex and Surrey 34 Buried 460 Plague 376,,,,,,,,,,,,,,,,,,,,,,,,,,,,,,,,,,,,,,,,,,,,,,,,,,,,
â€¢lhallows Great,,,,,,,,,,,,,,,,,,,,,,,,,,,,,,,,,,,,,,,,,,,,,,,,6,,,,
â€¢â€¢hallows Honylane,,,,,,,,,,,,,,,,,,,,,,,,,,,,,,,,,,,,,,,,,,,,,,,,,,,,
Christned in the 97 Parishes within the Walls 27 Buried 195 Plague 127,,,,,,,,,,,,,,,,,,,,,,,,,,,,,,,,,,,,,,,,,,,,,,,,,,,,
"Châ€¢istned in the 16 Parishes without the Walls 31 Buried, and at the Pesthouse 298 Plague 217",,,,,,,,,,,,,,,,,,,,,,,,,,,,,,,,,,,,,,,,,,,,,,,,,,,,
Christned in the 12 out Parishes in Middlesex and Surrey 29 Buried 302 Plague 235,,,,,,,,,,,,,,,,,,,,,,,,,,,,,,,,,,,,,,,,,,,,,,,,,,,,
Christned in the 97 Parishes within the Walls 31 Buried 136 Plague 82,,,,,,,,,,,,,,,,,,,,,,,,,,,,,,,,,,,,,,,,,,,,,,,,,,,,
"Christned in the 16 Parishes without the Walls 35 Buried, and at the Pesthouse156 Plague 82",,,,,,,,,,,,,,,,,,,,,,,,,,,,,,,,,,,,,,,,,,,,,,,,,,,,
Christned in the 12 out Parishes in Middlesex and Surry 27 Buried 178 Plague 125,,,,,,,,,,,,,,,,,,,,,,,,,,,,,,,,,,,,,,,,,,,,,,,,,,,,
Christned in the 97 Parishes within the Walls 37 Buried 71 Plague 24,,,,,,,,,,,,,,,,,,,,,,,,,,,,,,,,,,,,,,,,,,,,,,,,,,,,
"Christned in the 16 Parishes without the Walls 32 Buried, and at the Pesthouse 139 Plague 64",,,,,,,,,,,,,,,,,,,,,,,,,,,,,,,,,,,,,,,,,,,,,,,,,,,,
Christned in the 12 out Parishes in Middlesex and Surry 33 Buried 160 Plague 90,,,,,,,,,,,,,,,,,,,,,,,,,,,,,,,,,,,,,,,,,,,,,,,,,,,,
Christned in the 97 Parishes within the Walls 31 Buried 94 Plague 57,,,,,,,,,,,,,,,,,,,,,,,,,,,,,,,,,,,,,,,,,,,,,,,,,,,,
"Christned in the 16 Parishes without the Walls 51 Buried, and at the Pesthouse 132 Plague 70",,,,,,,,,,,,,,,,,,,,,,,,,,,,,,,,,,,,,,,,,,,,,,,,,,,,
Christned in the 12 out Parishes in Middlesex and Surrey 38 Buried 147 Plague 74,,,,,,,,,,,,,,,,,,,,,,,,,,,,,,,,,,,,,,,,,,,,,,,,,,,,
Christned in the 97 Parishes within the Walls 39 Buried 126 Plague 66,,,,,,,,,,,,,,,,,,,,,,,,,,,,,,,,,,,,,,,,,,,,,,,,,,,,
"Christned in the 16 Parishes without the Walls 48 Buried, and at the Pesthouse 156 Plague 75",,,,,,,,,,,,,,,,,,,,,,,,,,,,,,,,,,,,,,,,,,,,,,,,,,,,
Christned in the 12 out Parishes in Middlesex and Surrey 39 Buried 187 Plague 106,,,,,,,,,,,,,,,,,,,,,,,,,,,,,,,,,,,,,,,,,,,,,,,,,,,,
Roâ€¢horith Parish,,,,,,,,,,,,,,,,,,,,,,,,,,,,,,,,,,,,,,,,,,,,,,,,,,,,8
