0,1_0,1_1,1_2,1_3,1_4,1_5,1_6,1_7,1_8,1_9,1_10,1_11,1_12,1_13,1_14,1_15,1_16,1_17,1_18,1_19,1_20,1_21,1_22,1_23,1_24,1_25,1_26,1_27,1_28,1_29,1_30,1_31,1_32,1_33,1_34,1_35,1_36,1_37,1_38,1_39,1_40,1_41,1_42,1_43,1_44,1_45,1_46,1_47,1_48,1_49,1_50,1_51
[illustration] [blazon or coat of arms],,,,,,,,,,,,,,,,,,,,,,,,,,,,,,,,,,,,,,,,,,,,,,,,,,,,
ABortive,2.0,4.0,1.0,6.0,5,2.0,3.0,2.0,2.0,2.0,2.0,6.0,,4.0,2,2.0,5,4.0,5.0,,2.0,4.0,4.0,,,2.0,3.0,5.0,6.0,3.0,5.0,5.0,5.0,6.0,4.0,6.0,2.0,23.0,5.0,6.0,4.0,4.0,2.0,2.0,1.0,2.0,4.0,4.0,2.0,2.0,,1.0
Aged,23.0,21.0,27.0,39.0,44,36.0,31.0,38.0,32.0,38.0,28.0,31.0,,31.0,30,28.0,38,25.0,29.0,,22.0,23.0,23.0,,,27.0,19.0,22.0,14.0,43.0,31.0,30.0,36.0,54.0,45.0,52.0,52.0,57.0,43.0,50.0,42.0,36.0,28.0,24.0,22.0,20.0,18.0,11.0,10.0,11.0,,11.0
Apoplexie,2.0,,,1.0,1,,,1.0,,1.0,1.0,1.0,,,1,1.0,,,1.0,,,,,,1.0,,,,,3.0,1.0,,1.0,1.0,,,1.0,,1.0,2.0,,1.0,2.0,,,1.0,,,,1.0,,
Canker,1.0,,,,,,1.0,1.0,,,,,,,,1.0,,,,1.0,,1.0,,,,,,,,,,,,,,,,,1.0,,,,,1.0,,,,,,,,
Childbed,5.0,7.0,7.0,8.0,,,3.0,6.0,5.0,2.0,,,7.0,3.0,,,8,5.0,,,,4.0,13.0,,9.0,7.0,7.0,10.0,10.0,10.0,19.0,16.0,25.0,23.0,28.0,40.0,38.0,39.0,42.0,42.0,14.0,11.0,21.0,12.0,11.0,13.0,14.0,5.0,6.0,8.0,10.0,2.0
Chrisomes,6.0,12.0,7.0,8.0,,,,,,,,,,,,,,,,,,,,,8.0,10.0,14.0,6.0,10.0,16.0,21.0,24.0,22.0,15.0,9.0,19.0,28.0,20.0,18.0,11.0,7.0,9.0,27.0,6.0,8.0,6.0,5.0,3.0,9.0,6.0,4.0,5.0
Consumption,64.0,57.0,82.0,80.0,96,77.0,67.0,89.0,65.0,95.0,87.0,85.0,77.0,66.0,77,87.0,56,,89.0,80.0,75.0,73.0,80.0,63.0,98.0,103.0,83.0,76.0,116.0,104.0,136.0,131.0,130.0,174.0,126.0,145.0,106.0,129.0,134.0,99.0,103.0,98.0,77.0,59.0,67.0,61.0,49.0,43.0,29.0,61.0,35.0,62.0
Convulsion,22.0,26.0,24.0,31.0,36,44.0,35.0,43.0,41.0,28.0,38.0,34.0,24.0,37.0,30,25.0,25,33.0,27.0,22.0,34.0,35.0,29.0,31.0,38.0,28.0,31.0,26.0,41.0,38.0,52.0,63.0,58.0,88.0,89.0,93.0,81.0,71.0,64.0,63.0,60.0,53.0,51.0,25.0,27.0,36.0,30.0,13.0,11.0,12.0,17.0,20.0
Dropsie,15.0,24.0,31.0,27.0,39,29.0,32.0,44.0,43.0,36.0,44.0,40.0,34.0,23.0,19,31.0,21,33.0,38.0,15.0,22.0,26.0,27.0,27.0,28.0,24.0,22.0,26.0,20.0,28.0,53.0,24.0,32.0,40.0,53.0,34.0,18.0,31.0,33.0,22.0,33.0,27.0,25.0,17.0,24.0,11.0,14.0,13.0,15.0,18.0,14.0,21.0
Executed,1.0,,,,,1.0,,,,2.0,4.0,,2.0,,,,6,,,,1.0,1.0,,,,,3.0,,,,,,,,,,,,,,,,,,,,,,,,,
Feaver,29.0,33.0,46.0,33.0,35,33.0,39.0,35.0,47.0,29.0,35.0,29.0,27.0,30.0,25,34.0,34,36.0,35.0,37.0,32.0,34.0,30.0,43.0,54.0,48.0,48.0,78.0,79.0,104.0,164.0,194.0,314.0,353.0,348.0,383.0,364.0,332.0,309.0,268.0,201.0,199.0,95.0,82.0,75.0,81.0,61.0,59.0,34.0,18.0,27.0,45.0
Flox and Small-pox,23.0,38.0,28.0,17.0,,20.0,18.0,30.0,15.0,15.0,15.0,16.0,19.0,9.0,â€¢2,19.0,13,17.0,9.0,15.0,14.0,14.0,20.0,20.0,12.0,8.0,23.0,20.0,20.0,11.0,16.0,18.0,11.0,10.0,11.0,5.0,,8.0,5.0,4.0,3.0,5.0,5.0,,,2.0,,,3.0,,2.0,4.0
French-pox,1.0,3.0,2.0,2.0,2,1.0,3.0,3.0,,2.0,1.0,4.0,3.0,4.0,4,4.0,3,5.0,2.0,3.0,1.0,1.0,,,3.0,2.0,1.0,3.0,3.0,1.0,1.0,3.0,,,,,,1.0,,,,1.0,,1.0,1.0,3.0,2.0,,1.0,,2.0,2.0
Griping in the Guts,21.0,17.0,22.0,15.0,15,13.0,17.0,14.0,15.0,11.0,15.0,12.0,13.0,14.0,14,22.0,14,22.0,16.0,18.0,20.0,18.0,18.0,27.0,23.0,25.0,34.0,33.0,33.0,35.0,40.0,56.0,70.0,74.0,79.0,65.0,43.0,45.0,51.0,35.0,28.0,22.0,14.0,13.0,12.0,13.0,7.0,10.0,8.0,4.0,8.0,5.0
Headache,1.0,,,,,,,,,,,,,,,,,,,,,,,,,,,,,,,,,,,,,,,,,,,,,,,,,,,
Head-mould-shot,1.0,,,,,,,,,1.0,1.0,,,,1,1.0,1,,,,,,,,,,,,,,,,,,1.0,,,2.0,,,,,,,,,,,,,,
Jaundies,1.0,,,2.0,2,2.0,3.0,1.0,,,2.0,1.0,3.0,1.0,3,2.0,,5.0,,1.0,3.0,,2.0,1.0,1.0,4.0,1.0,1.0,5.0,6.0,2.0,3.0,2.0,3.0,,4.0,8.0,3.0,5.0,2.0,4.0,3.0,3.0,1.0,,2.0,,,2.0,,1.0,
Infants,10.0,13.0,13.0,19.0,16,18.0,9.0,15.0,7.0,14.0,12.0,13.0,16.0,19.0,9,6.0,7,7.0,17.0,15.0,10.0,11.0,12.0,12.0,9.0,8.0,11.0,9.0,7.0,12.0,10.0,15.0,13.0,21.0,22.0,17.0,26.0,10.0,16.0,9.0,18.0,14.0,14.0,3.0,8.0,12.0,4.0,9.0,10.0,6.0,7.0,3.0
Killed in a Crane at Alhallows Barking,1.0,,,,,,,,,,,,,,,,,,,,,,,,,,,,,,,,,,,,,,,,,,,,,,,,,,,
Kingsevil,1.0,1.0,1.0,1.0,,,,,,,,,,,,,,,,,,,,,,3.0,1.0,3.0,3.0,2.0,3.0,2.0,2.0,10.0,4.0,3.0,,1.0,2.0,2.0,1.0,1.0,2.0,,,,3.0,2.0,1.0,,,1.0
Overlaid,1.0,1.0,1.0,,,2.0,2.0,1.0,,,1.0,2.0,2.0,2.0,1,2.0,4,,3.0,1.0,1.0,3.0,1.0,,,1.0,,,2.0,1.0,,,,,,,,,,,1.0,1.0,,1.0,,,,,1.0,,,
Palsie,1.0,1.0,,,,,1.0,,,,1.0,,1.0,,,2.0,,,,,,,,1.0,,2.0,1.0,,,1.0,,1.0,,2.0,1.0,,2.0,,1.0,,1.0,3.0,1.0,1.0,1.0,1.0,1.0,,,1.0,,1.0
Plague,1.0,,,,,,,1.0,,,,,,,,,,2.0,,9.0,3.0,14.0,17.0,43.0,112.0,168.0,267.0,470.0,725.0,1089.0,1843.0,2010.0,2817.0,3880.0,4237.0,6102.0,6988.0,6544.0,7165.0,5533.0,4929.0,4327.0,2665.0,1421.0,1031.0,1414.0,1050.0,652.0,333.0,210.0,243.0,281.0
Rickets,7.0,9.0,7.0,11.0,8,8.0,12.0,6.0,,16.0,,9.0,9.0,14.0,16,14.0,4,10.0,16.0,7.0,7.0,,14.0,11.0,13.0,15.0,9.0,14.0,7.0,13.0,10.0,16.0,14.0,23.0,23.0,23.0,7.0,20.0,17.0,10.0,12.0,13.0,11.0,8.0,6.0,7.0,4.0,3.0,4.0,7.0,1.0,1.0
Rising of the Lights,5.0,7.0,5.0,9.0,5,8.0,13.0,6.0,2.0,4.0,7.0,9.0,4.0,7.0,6,4.0,8,8.0,6.0,2.0,6.0,6.0,4.0,2.0,12.0,6.0,4.0,2.0,6.0,7.0,14.0,11.0,32.0,19.0,18.0,18.0,16.0,15.0,11.0,13.0,8.0,7.0,3.0,3.0,4.0,8.0,3.0,4.0,3.0,5.0,,2.0
Scurvy,1.0,,1.0,2.0,1,2.0,1.0,,4.0,2.0,4.0,3.0,2.0,2.0,,1.0,1,2.0,3.0,,,1.0,1.0,3.0,4.0,1.0,1.0,2.0,3.0,7.0,6.0,3.0,3.0,1.0,3.0,3.0,,2.0,2.0,5.0,5.0,2.0,3.0,,2.0,1.0,,1.0,2.0,2.0,3.0,1.0
Sore Brest,1.0,,,,,,,,,,,,,,,,,,,,,,,,1.0,,,,,,,,,,,,,,,,,,,,,,,,,,,
Spotted Feaver,1.0,5.0,4.0,1.0,1,,3.0,4.0,2.0,3.0,2.0,1.0,3.0,2.0,2,3.0,8,12.0,4.0,6.0,10.0,14.0,23.0,16.0,11.0,23.0,12.0,33.0,32.0,60.0,114.0,139.0,174.0,,166.0,156.0,157.0,97.0,101.0,65.0,63.0,60.0,35.0,28.0,13.0,3.0,15.0,4.0,5.0,3.0,5.0,6.0
Stilborn,8.0,8.0,13.0,11.0,15,9.0,8.0,11.0,13.0,10.0,10.0,11.0,7.0,13.0,10,12.0,7,5.0,6.0,10.0,5.0,4.0,9.0,7.0,5.0,9.0,11.0,6.0,9.0,12.0,9.0,11.0,11.0,8.0,4.0,10.0,11.0,,17.0,10.0,9.0,11.0,9.0,3.0,4.0,2.0,9.0,5.0,5.0,4.0,4.0,4.0
Stone,1.0,3.0,,,,1.0,,1.0,,1.0,2.0,,,,1,1.0,1,,3.0,3.0,1.0,2.0,1.0,1.0,6.0,3.0,,1.0,2.0,1.0,1.0,3.0,3.0,2.0,2.0,1.0,2.0,1.0,2.0,3.0,,1.0,3.0,,2.0,1.0,4.0,2.0,1.0,3.0,1.0,1.0
Stopping of the stomach,3.0,5.0,4.0,14.0,10,3.0,,,,,9.0,4.0,,,2,4.0,,,6.0,3.0,3.0,,,2.0,8.0,5.0,3.0,4.0,8.0,6.0,2.0,14.0,10.0,16.0,17.0,7.0,8.0,5.0,9.0,6.0,6.0,7.0,7.0,3.0,3.0,3.0,7.0,4.0,3.0,2.0,3.0,2.0
Suddenly,3.0,3.0,1.0,4.0,4,6.0,,1.0,1.0,,3.0,4.0,2.0,2.0,1,5.0,3,1.0,,4.0,2.0,2.0,2.0,3.0,3.0,2.0,,4.0,,2.0,,2.0,2.0,1.0,2.0,2.0,,,1.0,1.0,3.0,2.0,1.0,1.0,,,1.0,1.0,1.0,,,
Surfeit,4.0,5.0,6.0,3.0,13,9.0,7.0,6.0,7.0,9.0,10.0,11.0,7.0,3.0,4,8.0,9,8.0,9.0,15.0,13.0,11.0,13.0,9.0,24.0,18.0,14.0,36.0,34.0,47.0,103.0,80.0,85.0,87.0,74.0,99.0,69.0,45.0,49.0,36.0,24.0,30.0,29.0,17.0,14.0,13.0,9.0,2.0,3.0,1.0,3.0,7.0
Teeth,17.0,23.0,27.0,27.0,19,16.0,24.0,22.0,27.0,20.0,18.0,27.0,21.0,19.0,14,25.0,17,22.0,16.0,19.0,23.0,23.0,19.0,25.0,25.0,19.0,32.0,60.0,42.0,54.0,67.0,82.0,90.0,113.0,111.0,133.0,138.0,128.0,121.0,112.0,92.0,73.0,37.0,41.0,36.0,47.0,28.0,33.0,16.0,20.0,14.0,20.0
Thrush,1.0,1.0,,3.0,,,1.0,3.0,,4.0,,,,1.0,,,3,,,,,1.0,,,1.0,5.0,3.0,6.0,1.0,1.0,5.0,2.0,4.0,3.0,6.0,3.0,3.0,6.0,5.0,3.0,2.0,1.0,2.0,,2.0,2.0,1.0,,,3.0,1.0,
Tissick,3.0,5.0,12.0,15.0,21,,9.0,16.0,12.0,15.0,18.0,15.0,10.0,11.0,10,8.0,â€¢,,3.0,2.0,3.0,3.0,2.0,2.0,1.0,,2.0,5.0,2.0,3.0,1.0,,,6.0,9.0,3.0,6.0,4.0,11.0,5.0,3.0,4.0,7.0,3.0,3.0,1.0,2.0,4.0,3.0,1.0,3.0,4.0
Winde,1.0,3.0,2.0,5.0,4,3.0,2.0,3.0,1.0,3.0,2.0,1.0,1.0,1.0,2,3.0,,1.0,4.0,1.0,3.0,,2.0,,3.0,2.0,3.0,2.0,3.0,2.0,1.0,,,8.0,4.0,4.0,3.0,,3.0,1.0,4.0,5.0,2.0,1.0,,2.0,1.0,1.0,2.0,,1.0,1.0
Wormes,2.0,,,2.0,2,1.0,3.0,4.0,1.0,2.0,5.0,1.0,3.0,2.0,,2.0,1,1.0,2.0,1.0,4.0,1.0,4.0,1.0,1.0,12.0,4.0,9.0,5.0,10.0,9.0,11.0,18.0,18.0,20.0,23.0,25.0,15.0,15.0,12.0,13.0,11.0,10.0,8.0,2.0,5.0,7.0,1.0,3.0,3.0,4.0,1.0
"Drowned 2, one at St. Magdaâˆ£len Bermondsey, and one at St. Clement Danes",,2.0,,,,,,,,,,,,,,,,,,,,,,,,,,,,,,,,,,,,,,,,,,,,,,,,,,
Flux,,1.0,4.0,2.0,3,5.0,2.0,2.0,3.0,2.0,,2.0,,3.0,2,,2,5.0,1.0,,,1.0,,2.0,1.0,,1.0,4.0,1.0,3.0,2.0,4.0,1.0,2.0,1.0,1.0,1.0,,,1.0,1.0,1.0,1.0,,,1.0,,2.0,1.0,,2.0,
Gangrene,,1.0,,,,,1.0,,,,,1.0,,1.0,,2.0,,1.0,2.0,,,,,1.0,1.0,,,2.0,,,1.0,,,1.0,,1.0,,1.0,,,1.0,,,,1.0,,,,,,,
Imposthume,,1.0,1.0,2.0,2,3.0,6.0,1.0,1.0,,1.0,1.0,,1.0,4,3.0,4,6.0,1.0,4.0,1.0,2.0,4.0,3.0,4.0,5.0,3.0,7.0,3.0,9.0,6.0,7.0,16.0,18.0,8.0,13.0,10.0,6.0,11.0,8.0,4.0,7.0,10.0,6.0,1.0,2.0,1.0,3.0,5.0,,1.0,1.0
"Killed 2, one at St. Giles in the Fields, and one by a fall from a Mast at St. Mary VVhiteâˆ£chapel",,2.0,,,,,,,,,,,,,,,,,,,,,,,,,,,,,,,,,,,,,,,,,,,,,,,,,,
Measles,,1.0,,,,,,,,,,,,,,,,,1.0,,,,,1.0,2.0,,,,,,,1.0,,,,,,,,,,,,,,,,,,,,
Rupture,,1.0,,,,,,1.0,2.0,,,1.0,,1.0,,,1,,,,,2.0,,1.0,1.0,,,,1.0,1.0,1.0,1.0,3.0,2.0,1.0,,1.0,4.0,,1.0,1.0,1.0,3.0,1.0,,,,,,,1.0,
Scowring,,2.0,1.0,,2,1.0,,3.0,,,4.0,6.0,1.0,2.0,,,,2.0,,3.0,1.0,2.0,2.0,,1.0,4.0,,4.0,,2.0,8.0,2.0,3.0,13.0,,3.0,6.0,3.0,5.0,,2.0,3.0,5.0,1.0,1.0,1.0,,,1.0,2.0,,
Timpany,,2.0,,,1,,3.0,2.0,,,,1.0,,,,,,,,,,,1.0,2.0,,,1.0,1.0,2.0,1.0,1.0,,,,,1.0,,1.0,1.0,,1.0,1.0,1.0,,,1.0,,,,,,1.0
Ulcer,,1.0,2.0,2.0,,1.0,,3.0,1.0,,1.0,2.0,,,,,1,2.0,2.0,3.0,,2.0,,,,,,,1.0,2.0,3.0,1.0,3.0,2.0,1.0,4.0,5.0,1.0,,,1.0,1.0,,,,,1.0,,2.0,1.0,2.0,
Ague,,,1.0,2.0,,,,,,,2.0,1.0,1.0,,,,,1.0,,,2.0,,,,,1.0,,,,,,,,,,,,,2.0,1.0,3.0,,,,,,,1.0,1.0,,,1.0
Bloody flux,,,1.0,,,1.0,,,,,,,1.0,,,,,,,,,1.0,,,1.0,,,,,,,,,,,,,,,,1.0,1.0,1.0,,,,,,,,1.0,
Cough,,,4.0,1.0,4,2.0,5.0,1.0,5.0,1.0,6.0,4.0,2.0,1.0,2,1.0,,3.0,1.0,,2.0,,2.0,1.0,,1.0,,,,,1.0,,2.0,,1.0,,1.0,,2.0,1.0,,,1.0,,,,,,,,,
Drowned at St. Mary VVhiteâˆ£chappel,,,1.0,,,,,,,,,,,,,,,,,,,,,,,,,,,,,,,,,,,,,,,,,,,,,,,,,
Grief,,,1.0,1.0,,,,1.0,,,,1.0,1.0,,,,,,,,1.0,1.0,,,,,,,1.0,,,2.0,3.0,1.0,3.0,4.0,2.0,1.0,3.0,3.0,3.0,3.0,,2.0,,1.0,1.0,3.0,2.0,,,1.0
Killed with a Cart at St. Giles Cripplegate,,,1.0,,,,,,,,,,,,,,,,,,,,,,,,,,,,,,,,,,,,,,,,,,,,,,,,,
Quinsie,,,1.0,,,1.0,,,,,,,,,,,,,1.0,,1.0,,1.0,,2.0,,,,2.0,1.0,2.0,1.0,3.0,6.0,5.0,2.0,1.0,3.0,,,,1.0,,1.0,,,,,,,,
Sciatica,,,1.0,,,,,,,,,,1.0,,,,,,,,,,,,,,,,,,,,,1.0,,,,,,,,,,,,,,1.0,,,,
Strangury,,,1.0,,1,,,,,,,1.0,,,,,1,,1.0,,1.0,,,1.0,,1.0,1.0,1.0,,,1.0,,,1.0,3.0,1.0,1.0,2.0,1.0,,,,,,1.0,,,,1.0,,,1.0
Bruised,,,,1.0,,1.0,,,,,,,,,,,,,,,,,,1.0,,,,,1.0,,,2.0,,,,,,,,,,,,1.0,,,,,,,1.0,1.0
Cancer,,,,1.0,,1.0,,1.0,,,,1.0,,,,,1,2.0,,1.0,,,,,,,1.0,2.0,1.0,,1.0,,,2.0,,2.0,,1.0,,,1.0,,,1.0,,,,,1.0,3.0,,1.0
Distracted,,,,1.0,,,,,,,,1.0,,,,,,,,,,,,,,,,,,,,,1.0,,,,,,,,,1.0,,,,,,,1.0,,,
Goâ€¢t,,,,2.0,,,,,,,,,,,,,,,,,,,,,,,,,,,,,,,,,,,,,,,,,,,,,,,,
Kild with a Cart at St. Bridgets,,,,1.0,,,,,,,,,,,,,,,,,,,,,,,,,,,,,,,,,,,,,,,,,,,,,,,,
Meagrome,,,,1.0,,,,,,,,,,,,,,,,,,,,,,,,1.0,,,,,1.0,,1.0,1.0,1.0,1.0,,2.0,,,,,1.0,,,,,,1.0,
Plurisie,,,,1.0,,,,,,,,,,,1,,2,1.0,,1.0,1.0,,2.0,,,,,,,,,1.0,1.0,1.0,,,,,,,1.0,1.0,,,,,,,,,1.0,
Sore legge,,,,1.0,,,1.0,,,,,,,,,,,,,,,,,,,,,,,,,1.0,,1.0,,,,,,,,,,,1.0,,,,,,,
Bedridden,,,,,3,1.0,,,,1.0,,,,,,,,,,,,,,,,1.0,,,,,,,,1.0,,,,1.0,,,,,,1.0,,1.0,,,,,,
Bleeding,,,,,1,,,,1.0,,1.0,,,,,,,,,,,,,,,1.0,1.0,,,1.0,1.0,2.0,,,1.0,1.0,1.0,1.0,2.0,,,,1.0,,,,,,,,,
Chilbed,,,,,9,3.0,,,,,5.0,6.0,,,5,5.0,,,7.0,2.0,4.0,,,4.0,,,,,,,,,,,,,,,,,,,,,,,,,,,,
Chrisoms,,,,,â€¢7,19.0,12.0,15.0,9.0,12.0,18.0,15.0,18.0,13.0,13,12.0,18,8.0,7.0,12.0,12.0,9.0,8.0,9.0,,,,,,,,,,,,,,,,,,,,,,,,,,,,
Cold,,,,,2,,,,,,1.0,,2.0,1.0,,,,,,,,,,,,,,,,,,,,,,,,,,1.0,,,,,,,,1.0,1.0,1.0,,
Collick,,,,,1,,,,2.0,,,1.0,1.0,,,,,,1.0,,,,,1.0,,,,1.0,,,3.0,3.0,,1.0,,1.0,,1.0,,,,,1.0,2.0,,1.0,,,,4.0,1.0,2.0
Fistula,,,,,2,,,,,,1.0,,,,,,1,1.0,,,,,,1.0,,,1.0,,,,,1.0,,1.0,,,,,,2.0,,1.0,,,,,,,,,,
Flox and Small pox,,,,,29,,,,,,,,,,,,,,,,,,,,,,,,,,,,,,,,,,,,,,,,,,,,,,,
Kingsevill,,,,,1,2.0,1.0,,1.0,,3.0,2.0,2.0,1.0,4,1.0,2,1.0,2.0,3.0,,3.0,,1.0,,,,,,,,,,,,,,,,,,,,,,,,,,,,
Spleen,,,,,1,,,,,,1.0,2.0,1.0,,,,,,,,,1.0,,,,,,2.0,,1.0,,,,,,,,,1.0,,,,,,,2.0,1.0,,,1.0,,
Starved her self at St. Leonards Fosterlane,,,,,1,,,,,,,,,,,,,,,,,,,,,,,,,,,,,,,,,,,,,,,,,,,,,,,
Found dead in the Street (an Infant) at St. Bennet Paulsâˆ£wharf,,,,,,1.0,,,,,,,,,,,,,,,,,,,,,,,,,,,,,,,,,,,,,,,,,,,,,,
Kild with a fall at St. Giles Cripplegate,,,,,,1.0,,,,,,,,,,,,,,,,,,,,,,,,,,,,,,,,,,,,,,,,,,,,,,
Murthered at St. Martin in the Fields,,,,,,1.0,,,,,,,,,,,,,,,,,,,,,,,,,,,,,,,,,,,,,,,,,,,,,,
Thursh,,,,,,2.0,,,,,1.0,4.0,,,1,,,,,2.0,,,,,,,,,,,,,,,,,,,,,,,,,,,,,,,,
Tiffick,,,,,,18.0,,,,,,,,,,,,,,,,,,,,,,,,,,5.0,3.0,,,,,,,,,,,,,,,,,,,
Vomiting,,,,,,1.0,,,1.0,,1.0,1.0,,,,,,,1.0,1.0,,1.0,2.0,2.0,,,1.0,1.0,,1.0,2.0,1.0,1.0,7.0,10.0,,1.0,2.0,3.0,4.0,1.0,,2.0,,,,2.0,,1.0,,,
Gowt,,,,,,,1.0,3.0,,1.0,1.0,2.0,,,1,,,,,,,,1.0,,,,,,,2.0,,,,1.0,1.0,1.0,1.0,,1.0,1.0,,1.0,,,,,,,,2.0,,
"Kild 2, one aboard a Ship, with a Capsten Barr, at St. Katheâˆ£rins Tower, and one with a fall of a House at St. Mary Whitechappel",,,,,,,2.0,,,,,,,,,,,,,,,,,,,,,,,,,,,,,,,,,,,,,,,,,,,,,
Poysoned her self at St. Anne Blackfryers,,,,,,,1.0,,,,,,,,,,,,,,,,,,,,,,,,,,,,,,,,,,,,,,,,,,,,,
Stopping of the Stomach,,,,,,,11.0,15.0,11.0,8.0,,,4.0,6.0,,,8,6.0,,,,8.0,5.0,,,,,,,,,,,,,,,,,,,,,,,,,,,,,
Drowned at Lambeth,,,,,,,,3.0,,,,,,,,,,,,,,,,,,,,,,,,,,,,,,,,,,,,,,,,,,,,
"Kild 3, one at St. Margaret Westminster, and one in a Brewers Malt-mill at St. Marâˆ£tin Vintery, and one by a fall from a Ladder at St. Giles in the Fields",,,,,,,,3.0,,,,,,,,,,,,,,,,,,,,,,,,,,,,,,,,,,,,,,,,,,,,
Lethargy,,,,,,,,1.0,,1.0,,,,,,,,,,,1.0,,,,1.0,1.0,,,1.0,,,,,1.0,1.0,,1.0,1.0,1.0,,,2.0,,1.0,,,,,,,,
Drowned at St. Kath. Tower,,,,,,,,,1.0,,,,,,,,1,,,,,,,,,,,,,,,,,,,,,,,,,,,,,,,,,,,
Found dead in the Street at Stepney,,,,,,,,,1.0,,,,,,,,,,,,,,,,,,,,,,,,,,,,,,,,,,,,,,,,,,,
"Kild accidentally with a Carâˆ£bine, at St. Michael Woodâˆ£strect",,,,,,,,,1.0,,,,,,,,,,,,,,,,,,,,,,,,,,,,,,,,,,,,,,,,,,,
Mouldsallen,,,,,,,,,1.0,,,1.0,,,,,,,,,,,,,,,,,,,,,,,,,,,,,,,,,,,,,,,,
Oveâ€¢laid,,,,,,,,,1.0,,,,,,,,,,,,,,,,,,,,,,,,,,,,,,,,,,,,,,,,,,,
Rickâ€¢ts,,,,,,,,,9.0,,,,,,,,,,,,,10.0,,,,,,,,,,,,,,,,,,,,,,,,,,,,,,
"Scalded in a Bâ€¢ewers Mash, at St. Giles Cripplegate",,,,,,,,,1.0,,,,,,,,,,,,,,,,,,,,,,,,,,,,,,,,,,,,,,,,,,,
Burnt by a fall into the fire at St. Giles in the Fields,,,,,,,,,,1.0,,,,,,,,,,,,,,,,,,,,,,,,,,,,,,,,,,,,,,,,,,
Drowned in a Tub of water at St. Martins in the Fields,,,,,,,,,,1.0,,,,,,,,,,,,,,,,,,,,,,,,,,,,,,,,,,,,,,,,,,
Found dead (an Infant) at St. Andrew Halborn,,,,,,,,,,1.0,,,,,,,,,,,,,,,,,,,,,,,,,,,,,,,,,,,,,,,,,,
Hanged her self at St. Saviours Southwark,,,,,,,,,,1.0,,,,,,,,,,,,,,,,,,,,,,,,,,,,,,,,,,,,,,,,,,
Kild by the fall of a Scaffold at St. Bartholomew the Great,,,,,,,,,,1.0,,,,,,,,,,,,,,,,,,,,,,,,,,,,,,,,,,,,,,,,,,
Burnt (accidentally) at St. Giles Cripplegate,,,,,,,,,,,1.0,,,,,,,,,,,,,,,,,,,,,,,,,,,,,,,,,,,,,,,,,
Found dead (a Woman) at St. Andrew Holborn,,,,,,,,,,,1.0,,,,,,,,,,,,,,,,,,,,,,,,,,,,,,,,,,,,,,,,,
Livergrown,,,,,,,,,,,1.0,2.0,,,1,,,,1.0,,3.0,,,,,,1.0,,1.0,1.0,3.0,1.0,,,1.0,,2.0,,,,,,1.0,1.0,,,,,,,,
Râ€¢ckets,,,,,,,,,,,12.0,,,,,,,,,,,,,,,,,,,,,,,,,,,,,,,,,,,,,,,,,
T mpany,,,,,,,,,,,2.0,,,,,,,,,,,,,,,,,,,,,,,,,,,,,,,,,,,,,,,,,
"Kild two, one by a fall from a Scaffold at St. Sepulchres, and one by a Cart at St. Martins in the Fields",,,,,,,,,,,,2.0,,,,,,,,,,,,,,,,,,,,,,,,,,,,,,,,,,,,,,,,
Mother,,,,,,,,,,,,1.0,,,,,,,,,,,,,,,,,,,,,1.0,,,,,,,,,,,,,,,,,,1.0,
Scalded (a child) at St. Maudâˆ£lin Milkstreet,,,,,,,,,,,,1.0,,,,,,,,,,,,,,,,,,,,,,,,,,,,,,,,,,,,,,,,
AGed,,,,,,,,,,,,,28.0,,,,,,,20.0,,,,19.0,24.0,,,,,,,,,,,,,,,,,,,,,,,,,,9.0,
Hanged her self at St. Andrew Holborn,,,,,,,,,,,,,1.0,,,,,,,,,,,,,,,,,,,,,,,,,,,,,,,,,,,,,,,
Kild at St. Margaret Westminâˆ£ster,,,,,,,,,,,,,1.0,,,,,,,,,,,,,,,,,,,,,,,,,,,,,,,,,,,,,,,
Sore mouth,,,,,,,,,,,,,1.0,,,,,,,,,,,1.0,,,,,,,,,,,,,,,,,,,,,,,,,,,,
Head mould shot,,,,,,,,,,,,,,2.0,,,,,,,,,,,,,,,,,,,,,,,,,,,,,,,,,,,,,,
Kild with a fall from a Winâˆ£dow at St. Alphage,,,,,,,,,,,,,,1.0,,,,,,,,,,,,,,,,,,,,,,,,,,,,,,,,,,,,,,
Found dead at St. Andrew Holborn,,,,,,,,,,,,,,,1,,,,,,,,,,,,,,,,,,,,,,,,,,,,,,,,,,,,,
Kild at St. Clement Danes,,,,,,,,,,,,,,,1,,,,,,,,,,,,,,,,,,,,,,,,,,,,,,,,,,,,,
Purples,,,,,,,,,,,,,,,1,1.0,,1.0,,,1.0,,,1.0,1.0,,,,,,3.0,2.0,2.0,,2.0,3.0,7.0,,,2.0,1.0,,1.0,,,,,,,,,
Scalded at St. Andrew Holborn,,,,,,,,,,,,,,,1,,,,,,,,,,,,,,,,,,,,,,,,,,,,,,,,,,,,,
Broken legge,,,,,,,,,,,,,,,,,1,,,,,,,,,,,,,,,,,,1.0,,,,,,,,,,,,,,,,,
Found dead (an Infant) at St. Giles in the Fields,,,,,,,,,,,,,,,,,1,,,,,,,,,,,,,,,,,,,,,,,,,,,,,,,,,,,
Consumâ€¢tion,,,,,,,,,,,,,,,,,,79.0,,,,,,,,,,,,,,,,,,,,,,,,,,,,,,,,,,
"Drowned 3, two at St. Kaâˆ£therine Tower, and one at St. James Clarkenwel",,,,,,,,,,,,,,,,,,3.0,,,,,,,,,,,,,,,,,,,,,,,,,,,,,,,,,,
Found dead in the street at St. Giles in the Fields,,,,,,,,,,,,,,,,,,1.0,,,,,,,,,,,,,,,,,,,,,,,,,,,,,,,,,,
"Kild 2, one at St. Paul Covent Garden, and one by a Horse at St. Sâ€¢pulchers",,,,,,,,,,,,,,,,,,2.0,,,,,,,,,,,,,,,,,,,,,,,,,,,,,,,,,,
Mouldfallen,,,,,,,,,,,,,,,,,,1.0,,,,,,,,,,,,,,,,,,,,,,,,,,,,,,,,,,
Tâ€¢rush,,,,,,,,,,,,,,,,,,4.0,,,,,,,,,,,,,,,,,,,,,,,,,,,,,,,,,,
Tâ€¢ssick,,,,,,,,,,,,,,,,,,4.0,,,,,,,,,,,,,,,,,,,,,,,,,,,,,,,,,,
Broke his neck by a fall aboard a Ship at S. Katherines Tower,,,,,,,,,,,,,,,,,,,1.0,,,,,,,,,,,,,,,,,,,,,,,,,,,,,,,,,
Drowned in a pond at Stepney,,,,,,,,,,,,,,,,,,,1.0,,,,,,,,,,,,,,,,,,,,,,,,,,,,,,,,,
"Killed 4, one at St. Andrew Holborn, one at St. Martin in the Fields, one by the kick of an Horse at St. Andrew Wardrobe, and one by a fall from a Garret Window at St. Olaves in Southwark",,,,,,,,,,,,,,,,,,,4.0,,,,,,,,,,,,,,,,,,,,,,,,,,,,,,,,,
Murthered at St. Paul Covent Garden,,,,,,,,,,,,,,,,,,,1.0,,,,,,,,,,,,,,,,,,,,,,,,,,,,,,,,,
Wounded,,,,,,,,,,,,,,,,,,,3.0,,,,,,,,,,,,,,,,,,,,,,,,,,,,,,,,,
Drownd at St Olaves in Southâˆ£wark,,,,,,,,,,,,,,,,,,,,1.0,,,,,,,,,,,,,,,,,,,,,,,,,,,,,,,,
Killed by a fall down stairs at Alhallows the Great,,,,,,,,,,,,,,,,,,,,1.0,,,,,,,,,,,,,,,,,,,,,,,,,,,,,,,,
"Murthered 2, one by the Moâˆ£ther (an Infant) at St. Giles Cripplegate, and one (an Inâˆ£fant) at St. Clement Danes",,,,,,,,,,,,,,,,,,,,2.0,,,,,,,,,,,,,,,,,,,,,,,,,,,,,,,,
Wounded at Sea (at Stepney),,,,,,,,,,,,,,,,,,,,1.0,,,,,,,,,,,,,,,,,,,,,,,,,,,,,,,,
"Kild 2, one by a fall from a Garret window at St. Nichoâˆ£las Coleaby, and one with a Cart at Stepney",,,,,,,,,,,,,,,,,,,,,2.0,,,,,,,,,,,,,,,,,,,,,,,,,,,,,,,
Blasted,,,,,,,,,,,,,,,,,,,,,,1.0,,1.0,,,,,,1.0,2.0,,,,,,,,,,,,,,,,,,,,,
"Drowned 3, one at St. James Clarkenwel, one at St. Cleâˆ£ment Danes, and one at St. Kaâˆ£therines Tower",,,,,,,,,,,,,,,,,,,,,,3.0,,,,,,,,,,,,,,,,,,,,,,,,,,,,,,
Found dead in a Barn at Stepâˆ£ney,,,,,,,,,,,,,,,,,,,,,,1.0,,,,,,,,,,,,,,,,,,,,,,,,,,,,,,
Found murthered (a child) in the street at St. Margaret Westminster,,,,,,,,,,,,,,,,,,,,,,1.0,,,,,,,,,,,,,,,,,,,,,,,,,,,,,,
Hanged her self at St. Maudlin Milkstreet (being distracted),,,,,,,,,,,,,,,,,,,,,,1.0,,,,,,,,,,,,,,,,,,,,,,,,,,,,,,
Jaundias,,,,,,,,,,,,,,,,,,,,,,2.0,,,,,,,,,,,,,,,,,,,,,,,,,,,,,,
"Kild 3, one at Sâ€¢. Mary Newâˆ£ington, one with a Cart at St. Giles in the Fields, and one with wrastling at St Marâˆ£garet Westminster",,,,,,,,,,,,,,,,,,,,,,3.0,,,,,,,,,,,,,,,,,,,,,,,,,,,,,,
Killed with a fall off a Horse at St. Martin in the Fields,,,,,,,,,,,,,,,,,,,,,,,1.0,,,,,,,,,,,,,,,,,,,,,,,,,,,,,
Drowned at Stepney,,,,,,,,,,,,,,,,,,,,,,,,1.0,,,,,,,,,,,,,,,,,,,,,,,,,,,,
"Found dead in the Abby, at St. Margaret Westminster",,,,,,,,,,,,,,,,,,,,,,,,1.0,,,,,,,,,,,,,,,,,,,,,,,,,,,,
Burnt at St. Sepulchres,,,,,,,,,,,,,,,,,,,,,,,,,1.0,,,,,,,,,,,,,,,,,,,,,,,,,,,
"Drowned 2, one at St. Martins Vintrey, and one at St. Marâˆ£garets VVestminster",,,,,,,,,,,,,,,,,,,,,,,,,2.0,,,,,,,,,,,,,,,,,,,,,,,,,,,
Hanged her self at St. Leonard Shoreditch,,,,,,,,,,,,,,,,,,,,,,,,,1.0,,,,,,,,,,,,,,,,,,,,,,,,,,,
VVounded at Sea,,,,,,,,,,,,,,,,,,,,,,,,,1.0,,,,,,,,,,,,,,,,,,,,,,,,,,,
Drowned at St. Kather. Tower,,,,,,,,,,,,,,,,,,,,,,,,,,1.0,,,,,,,,,,,,,,,,,,,,,,,,,,
Frighted,,,,,,,,,,,,,,,,,,,,,,,,,,2.0,,,1.0,1.0,1.0,2.0,,1.0,2.0,,1.0,1.0,3.0,1.0,1.0,2.0,,1.0,,,,,,1.0,2.0,1.0
Hanged her self at St. James Clerkenwel,,,,,,,,,,,,,,,,,,,,,,,,,,1.0,,,,,,,,,,,,,,,,,,,,,,,,,,
"Killd 2, one with a fall at S. Alâˆ£bans VVoodstreet, and one with a fall from a Scaffold at St. Giles in the fields",,,,,,,,,,,,,,,,,,,,,,,,,,2.0,,,,,,,,,,,,,,,,,,,,,,,,,,
"Drowned 3, two at St. Kathaâˆ£rines Tower, and one at St. Magdalen Bermonsey",,,,,,,,,,,,,,,,,,,,,,,,,,,3.0,,,,,,,,,,,,,,,,,,,,,,,,,
Found dead in the street at St. Peters in Cheapside,,,,,,,,,,,,,,,,,,,,,,,,,,,1.0,,,,,,,,,,,,,,,,,,,,,,,,,
Kild at St. Martins in the fields,,,,,,,,,,,,,,,,,,,,,,,,,,,1.0,,,,,,,,,,,,,,,,,,,,,,,,,
Shot with a Pistol at Saviours Southwark,,,,,,,,,,,,,,,,,,,,,,,,,,,1.0,,,,,,,,,,,,,,,,,,,,,,,,,
Calenture,,,,,,,,,,,,,,,,,,,,,,,,,,,,1.0,,,,,,,,,,,,,,,,,,,,,,,1.0,1.0
"Drowned 4, one at St. Michael Crooked-lane, one at St. Mary VVhitechapel, one at Stepâˆ£ney, and one in a Tub of water at St. James Clerkenwel",,,,,,,,,,,,,,,,,,,,,,,,,,,,4.0,,,,,,,,,,,,,,,,,,,,,,,,
"Kild 3, one at Lambeth, one by a Cart at St. Giles in the fields, and oâ€¢e with a bruise on his head by a VVatâ€¢rman at St. Dunstans in the west",,,,,,,,,,,,,,,,,,,,,,,,,,,,3.0,,,,,,,,,,,,,,,,,,,,,,,,
"Drowned two, one in a Fish Pond, the other in a Ditch, at Saviours Southwark",,,,,,,,,,,,,,,,,,,,,,,,,,,,,2.0,,,,,,,,,,,,,,,,,,,,,,,
Killed by the Mother (being distracted) an Infant at St. Miâˆ£chael Crooked-lane,,,,,,,,,,,,,,,,,,,,,,,,,,,,,1.0,,,,,,,,,,,,,,,,,,,,,,,
Murthered her Infant at Stepâˆ£ney,,,,,,,,,,,,,,,,,,,,,,,,,,,,,1.0,,,,,,,,,,,,,,,,,,,,,,,
Drowned in a Brewers VVell at Saviours Southwark,,,,,,,,,,,,,,,,,,,,,,,,,,,,,,1.0,,,,,,,,,,,,,,,,,,,,,,
Starved at Stepney,,,,,,,,,,,,,,,,,,,,,,,,,,,,,,1.0,,,,,,,,,,,,,,,,,,,,,,
"Drowned 4, one at Saviours Southwark, two at St. Kathaâˆ£rines Tower, and one at St. Margaret VVestminster",,,,,,,,,,,,,,,,,,,,,,,,,,,,,,,4.0,,,,,,,,,,,,,,,,,,,,,
"Found dead in the street 2, one at St. Dunstan in the East, and one at St. Olave Southwark",,,,,,,,,,,,,,,,,,,,,,,,,,,,,,,,2.0,,,,,,,,,,,,,,,,,,,,
Hanged himself at St. Magnusâ€¢,,,,,,,,,,,,,,,,,,,,,,,,,,,,,,,,1.0,,,,,,,,,,,,,,,,,,,,
"Kild 2, one by a fall from a Tree, and one by a fall from a Ship at Stepney",,,,,,,,,,,,,,,,,,,,,,,,,,,,,,,,2.0,,,,,,,,,,,,,,,,,,,,
Drownd in a Ditch at Saviours Southwark,,,,,,,,,,,,,,,,,,,,,,,,,,,,,,,,,1.0,,,,,,,,,,,,,,,,,,,
Leprosie,,,,,,,,,,,,,,,,,,,,,,,,,,,,,,,,,1.0,,,,,,,,,,,,,,,1.0,,,,
"Drownd two, one at St. Kath. Tower, and one at Lambeth",,,,,,,,,,,,,,,,,,,,,,,,,,,,,,,,,,2.0,,,,,,,,,,,,,,,,,,
Found dead in the Street at St. Bartholomew the Less,,,,,,,,,,,,,,,,,,,,,,,,,,,,,,,,,,1.0,,,,,,,,,,,,,,,,,,
Killed by a fall down stairs at St. Thomas Apostle,,,,,,,,,,,,,,,,,,,,,,,,,,,,,,,,,,1.0,,,,,,,,,,,,,,,,,,
Murthered at Stepney,,,,,,,,,,,,,,,,,,,,,,,,,,,,,,,,,,1.0,,,,,,,,,,,,,,,,,,
Spotted Feaver and Purplâ€¢s,,,,,,,,,,,,,,,,,,,,,,,,,,,,,,,,,,190.0,,,,,,,,,,,,,,,,,,
Starved at Nurse,,,,,,,,,,,,,,,,,,,,,,,,,,,,,,,,,,1.0,,,,,,,,,,,,,,,,,,
Broke her scull by a fall in the street at St. Mary VVoolâˆ£church,,,,,,,,,,,,,,,,,,,,,,,,,,,,,,,,,,,1.0,,,,,,,,,,,,,,,,,
Jaundieâ€¢,,,,,,,,,,,,,,,,,,,,,,,,,,,,,,,,,,,7.0,,,,,,,,,,,,,,,,,
Shingles,,,,,,,,,,,,,,,,,,,,,,,,,,,,,,,,,,,1.0,,,,,,,,,,,,,,,,,
Killed by a fall from a horse at Alhallowes Lumbardstreet,,,,,,,,,,,,,,,,,,,,,,,,,,,,,,,,,,,,1.0,,,,,,,,,,,,,,,,
Plannet,,,,,,,,,,,,,,,,,,,,,,,,,,,,,,,,,,,,3.0,,1.0,,,1.0,,,,,,,,,,1.0,
"Drowned 2, one at St Michael Queenhithe, and one at Stepâˆ£ney",,,,,,,,,,,,,,,,,,,,,,,,,,,,,,,,,,,,,2.0,,,,,,,,,,,,,,,
"Found dead in the street 3, one at St. Mary Hill, and two at St. Botolph Bishopsgate",,,,,,,,,,,,,,,,,,,,,,,,,,,,,,,,,,,,,3.0,,,,,,,,,,,,,,,
Small-Pox,,,,,,,,,,,,,,,,,,,,,,,,,,,,,,,,,,,,,2.0,,,,,,,,1.0,,,1.0,,,,
"Drowned 3, one at Stepney, one at St. Katharine near the Tower, and one at St. Margaâˆ£ret VVestminster",,,,,,,,,,,,,,,,,,,,,,,,,,,,,,,,,,,,,,3.0,,,,,,,,,,,,,,
Found dead in the street at St. Olave Southwark,,,,,,,,,,,,,,,,,,,,,,,,,,,,,,,,,,,,,,1.0,,,,,,,,,,,,,,
Burnt in his Bed by a Candle at St. Giles Cripplegate,,,,,,,,,,,,,,,,,,,,,,,,,,,,,,,,,,,,,,,1.0,,,,,,,,,,,,,
Killed by a fall from the Belâˆ£frey at Alhallowes the Great,,,,,,,,,,,,,,,,,,,,,,,,,,,,,,,,,,,,,,,1.0,,,,,,,,,,,,,
Drownd at St. Martin in the Fields,,,,,,,,,,,,,,,,,,,,,,,,,,,,,,,,,,,,,,,,1.0,,,,,,,,,,,,
Found dead in the Fields at St. Mary Islington,,,,,,,,,,,,,,,,,,,,,,,,,,,,,,,,,,,,,,,,1.0,,,,,,1.0,,,,,,
Drowned at St. Magdalen Berâˆ£mondsey,,,,,,,,,,,,,,,,,,,,,,,,,,,,,,,,,,,,,,,,,1.0,,,,,,,,,,,
Killed by a fall at Stepney,,,,,,,,,,,,,,,,,,,,,,,,,,,,,,,,,,,,,,,,,1.0,,,,,,,,,,,
Starved at Nurse (at St. Maudâˆ£lin in Old Fishstreet),,,,,,,,,,,,,,,,,,,,,,,,,,,,,,,,,,,,,,,,,1.0,,,,,,,,,,,
Drowned in a Tub of VVash in a Brewhouse at St. Giles in the Fields,,,,,,,,,,,,,,,,,,,,,,,,,,,,,,,,,,,,,,,,,,,,1.0,,,,,,,,
Killed by a fall from a Scaffold at St. Martin in the Fields,,,,,,,,,,,,,,,,,,,,,,,,,,,,,,,,,,,,,,,,,,,,1.0,,,,,,,,
Drownd at St. Saviours Southâˆ£wark,,,,,,,,,,,,,,,,,,,,,,,,,,,,,,,,,,,,,,,,,,,,,1.0,,,,,,,
Meâ€¢sles,,,,,,,,,,,,,,,,,,,,,,,,,,,,,,,,,,,,,,,,,,,,,1.0,,,,,,,
Drowned at St. Olaves Southâˆ£wark,,,,,,,,,,,,,,,,,,,,,,,,,,,,,,,,,,,,,,,,,,,,,,1.0,,,,,,
Killed by a fall at St. Margaret VVestminster,,,,,,,,,,,,,,,,,,,,,,,,,,,,,,,,,,,,,,,,,,,,,,1.0,,,,,,
Murdered by the Mother (an Infant) at St. Georges Southâˆ£wark,,,,,,,,,,,,,,,,,,,,,,,,,,,,,,,,,,,,,,,,,,,,,,1.0,,,,,,
Burnt (by accident) at St. Leoâˆ£nard Shoreditch,,,,,,,,,,,,,,,,,,,,,,,,,,,,,,,,,,,,,,,,,,,,,,,,1.0,,,,
Starved in the VVhite Lyon Prison at St. George in Southâˆ£wark,,,,,,,,,,,,,,,,,,,,,,,,,,,,,,,,,,,,,,,,,,,,,,,,1.0,,,,
Swine-pox,,,,,,,,,,,,,,,,,,,,,,,,,,,,,,,,,,,,,,,,,,,,,,,,1.0,,,,
VVen,,,,,,,,,,,,,,,,,,,,,,,,,,,,,,,,,,,,,,,,,,,,,,,,,1.0,,,
Sore throat,,,,,,,,,,,,,,,,,,,,,,,,,,,,,,,,,,,,,,,,,,,,,,,,,,1.0,,
"Drowned 2, one at St. Magdaâˆ£len Bermonsey, and one at St. Margaret VVestminster",,,,,,,,,,,,,,,,,,,,,,,,,,,,,,,,,,,,,,,,,,,,,,,,,,,2.0,
Found dead in a Stable at St. Mary Islington,,,,,,,,,,,,,,,,,,,,,,,,,,,,,,,,,,,,,,,,,,,,,,,,,,,1.0,
Hanged himself (being diâˆ£stracted) at St. Peters in Cornhil,,,,,,,,,,,,,,,,,,,,,,,,,,,,,,,,,,,,,,,,,,,,,,,,,,,1.0,
