parish,plague_0,plague_1,plague_2,plague_3,plague_4,plague_5,plague_6,plague_7,plague_8,plague_9,plague_10,plague_11,plague_12,plague_13,plague_14,plague_15,plague_16,plague_17,plague_18,plague_19,plague_20,plague_21,plague_22,plague_23,plague_24,plague_25,plague_26,plague_27,plague_28,plague_29,plague_30,plague_31,plague_32,plague_33,plague_34,plague_35,plague_36,plague_37,plague_38,plague_39,plague_40,plague_41,plague_42,plague_43,plague_44,plague_45,plague_46,plague_47,plague_48,plague_49,plague_50,plague_51
St ALban Woodstreet,,,,,,,,,,,,,,,,,,,,,,,,,1,2,,,1,2,1,,8,5,8,12,9,7,19,5,12,15,2,3,1,3,2,1,1,,,1
Alhallows Barking,,,,,,,,,,,,,,,,,,,,,,,,,,,,1,,,,,3,7,11,21,23,32,32,41,34,26,26,16,18,19,10,6,4,,,
Alhallows Breadstreet,,,,,,,,,,,,,,,,,,,,,,,,,,,,,,,,,,1,,,1,,3,3,1,2,1,,,,1,,,,,
Alhaâ€¢â€¢ows Great,,,,,,,,,,,,,,,,,,,,,,,,,,,,,,,,,,,,,,,,,,,,,,,,,,,,
Alhallows Honylane,,,,,,,,,,,,,,,,,,,,,,,,,,,,,,,,,,1,,1,,1,,,,1,,,,,,,,,,
Alâ€¢â€¢llows Lesse,,,,,,,,,,,,,,,,,,,,,,,,,,,,,,,,,,,,,,,,,,,,,,,,,,,,
Aâ€¢â€¢allows Lumbardstreet,,,,,,,,,,,,,,,,,,,,,,,,,,,,,,,,,,,,,,,,,,,,,,,,,,,,
Alhâ€¢llows Staining,,,,,,,,,,,,,,,,,,,,,,,,,,,,,,,,,,,,,,,,,,,,,,,,,,,,
Aâ€¢â€¢allows the Wall,,,,,,,,,,,,,,,,,,,,,,,,,,,,,,,,,,,,,,,,,,,,,,,,,,,,
St Alphage,,,,,,,,,,,,,,,,,,,,,,,,,,,,,,,,3,5,9,10,22,22,13,13,3,5,4,1,,1,,1,2,,,1,
St Andrew Hubbard,,,,,,,,,,,,,,,,,,,,,,,,,,,,,,1,3,,,,,,3,1,5,,,2,2,,2,3,1,,,,2,
St Andrew Undershaft,,,,,,,,,,,,,,,,,,,,,,,,,,,,,,1,4,6,9,11,9,14,24,19,22,22,14,6,7,4,3,7,3,1,1,,,2
St Andrew Wardrobe,,,,,,,,,,,,,,,,,,,,,,,,,,,,,,2,2,,8,16,16,29,37,35,54,37,24,15,11,7,2,4,3,3,1,,,2
St Ann Aldersgate,,,,,,,,,,,,,,,,,,,,,,,,,,,,,,,,,1,6,11,13,24,25,28,16,27,15,10,6,2,4,3,3,,,1,2
St Ann Blackfryers,,,,,,,,,,,,,,,,,,,,,,,,,,,,,6,5,5,6,15,10,17,31,30,56,65,31,50,52,28,13,6,13,12,2,4,1,2,1
St Antholins Parish,,,,,,,,,,,,,,,,,,,,,,,,,,,,,,,,,,1,,2,9,1,5,7,4,1,2,,,,,,1,,,
St Austins Parish,,,,,,,,,,,,,,,,,,,,,,,,,,,,,,1,,,,1,,3,1,3,2,3,3,3,,,,,,,,,,
St Bartholomew Exchange,,,,,,,,,,,,,,,,,,,,,,,,,,,,,,,,,,1,2,3,2,5,3,6,7,4,3,4,1,2,4,1,2,1,,
St Bennet Fynck,,,,,,,,,,,,,,,,,,,,,,,,,,1,,1,,,,,,,2,2,2,3,,,2,1,5,1,,1,1,,,,,
St Bennet Gracechurch,,,,,,,,,,,,,,,,,,,,,,,,,,,,,,,,1,,3,,1,1,4,4,2,2,10,4,2,,1,1,,2,1,2,
St Bennet Paulswharf,,,,,,,,,,,,,,,,,,,,,,,,,,4,,2,,1,2,4,2,7,8,29,21,19,15,19,7,9,8,5,,5,3,1,,,1,
St Bennet Sherehog,,,,,,,,,,,,,,,,,,,,,,,,,,,,,,,,,,,,,,,,,,,,,,,,,,,,1
St Botolph Billingsgate,,,,,,,,,,,,,,,,,,,,,,,,,,,,,,,,,,,,2,1,2,4,2,8,4,7,3,3,5,4,3,,,1,1
Christs Church,,,,,,,,,,,,,,,,,,,,,,,,,,,,,3,6,,,15,20,22,37,61,39,,,39,30,,,8,12,,,5,,,
St Christophers,,,,,,,,,,,,,,,,,,,,,,,,,,,,,,1,1,2,,2,,,7,4,5,6,4,4,3,4,,2,1,,,,1,
St Clement Eastcheap,,,,,,,,,,,,,,,,,,,,,,,,,,,,,,,1,,,,2,1,1,3,3,1,1,1,,1,,1,,1,1,,,2
St Dionis Backchurch,,,,,,,,,,,,,,,,,,,,,,,,,,,,,,,,,1,1,1,2,1,2,3,2,2,5,1,1,4,,,,,,,
St Dunstan East,,,,,,,,,,,,,,,,,,,,,,,,,,,,,,,,,,1,2,5,6,12,10,17,24,20,17,7,4,5,4,3,6,2,1,4
St Edmund Lumbardstr,,,,,,,,,,,,,,,,,,,,,,,,,,,,,,,,,,,,,,,,,,,,,,,,,,,,
St Ethelborough,,,,,,,,,,,,,,,,,,,,,,,,,,,,,,,14,2,9,8,7,18,9,10,6,7,4,7,1,2,,,1,,1,,,
St Faith,,,,,,,,,,,,,,,,,,,,,,,,,,,,,,,,,1,,6,,4,8,6,10,6,12,6,1,3,1,1,,1,1,1,2
St Foster,,,,,,,,,,,,,,,,,,,,,,,,,,,,,,,3,1,4,8,11,13,12,7,9,9,6,6,5,2,1,,3,2,1,,,2
St Gabriel Fenchurch,,,,,,,,,,,,,,,,,,,,,,,,,1,,,,,,,,,,,,4,,3,6,3,4,5,1,,4,6,1,,,,1
Buried in the 97 Parishes within the Walls 60 Plague 0,,,,,,,,,,,,,,,,,,,,,,,,,,,,,,,,,,,,,,,,,,,,,,,,,,,,
St Andrew Holborn,,,,,,,,,,,,,,,,,,,,,,,,,7,10,15,35,40,91,142,193,183,272,,380,345,,247,184,151,127,55,32,31,,28,18,10,2,7,4
St Bartholomew Great,,,,,,,,,,,,,,,,,,,,,,,,,,,1,4,â€¢2,9,7,10,17,48,50,65,42,,17,16,15,3,5,,1,4,,2,2,1,,
St Bartholomew Lesse,,,,,,,,,,,,,,,,,,,,,,,,,,,,,,,,2,6,8,15,8,21,19,12,11,7,7,3,5,5,,4,1,1,,,1
St Bridget,,,,,,,,,,,,,,,,,,,,,,,,,3,2,3,7,14,16,39,36,66,90,,152,189,149,180,91,67,88,43,17,15,16,10,6,2,1,4,2
Bridewel Precinct,,,,,,,,,,,,,,,,,,,,,,,,,,1,,2,,,4,2,5,2,5,9,17,19,31,24,23,14,4,2,3,,1,2,1,2,,2
St Botolph Aldersgate,,,,,,,,,,,,,,,,,,,,,,,,,,,3,4,9,5,17,23,46,47,61,80,79,61,62,64,64,42,28,15,11,,5,6,,,4,5
"Buried in the 16 Parishes without the Walls, and at the Pesthouse 125 Plague 0",,,,,,,,,,,,,,,,,,,,,,,,,,,,,,,,,,,,,,,,,,,,,,,,,,,,
St Gileâ€¢ in the fields,1,,,,,,,,,,,,,,,,,,,,,,,,,,143,,,,,,259,,,,,,,,,,,,,,,,,,,
Hackney Parish,,,,,,,,,,,,,,,,,,,,,,,,,,,,,,,5,5,6,4,8,7,,9,,6,12,6,10,5,3,,2,3,3,,,1
St James Clerkenwel,,,,,,,,,,,,,,,,,,,,,,,,,,3,8,10,50,78,121,92,136,145,172,122,119,73,67,64,42,31,16,6,5,,4,2,3,2,,1
St Kath. near the Tower,,,,,,,,,,,,,,,,,,,,,,,,,,,,,1,2,4,4,12,18,34,,87,61,66,62,39,45,25,19,13,,9,7,5,3,2,4
Buried in the 12 out Parishes in Middlesex and Surry 67 Plague 1,,,,,,,,,,,,,,,,,,,,,,,,,,,,,,,,,,,,,,,,,,,,,,,,,,,,
St Clement Danes,,,,,,,,,,,,,,,,,,,,4,2,,4,,8,7,16,19,15,24,45,42,42,57,78,82,114,98,140,128,110,104,55,30,16,28,19,7,4,1,10,4
St Paul Covent Garden,,,,,,,,,,,,,,,,,,,,,,,,,,,2,1,,3,5,12,16,7,16,21,16,â€¢6,29,18,24,14,9,8,4,3,2,2,2,4,1,2
St George Borolphlane,,,,,,,,,,,,,,,,,,,,,,,,,,,,,,,,,,,,,,,,,,,,,,,,,,,,
St Gregory by St Pauls,,,,,,,,,,,,,,,,,,,,,,,,,,,,,,3,3,5,6,11,5,25,20,19,23,26,25,21,12,4,5,8,5,4,1,,1,
St Hellen,,,,,,,,,,,,,,,,,,,,,,,,,,,,,2,,2,1,2,10,11,6,10,6,8,3,5,2,4,,1,1,,,1,,,
St James Dukes place,,,,,,,,,,,,,,,,,,,,,,,,,,,,,,,,4,6,6,5,6,5,20,26,21,23,25,18,8,6,3,3,1,2,1,1,
St James Garlickhithe,,,,,,,,,,,,,,,,,,,,,,,,,,,,,,,,1,,3,1,4,4,8,11,â€¢0,12,11,15,8,6,8,8,3,2,,2,1
St John Baptist,,,,,,,,,,,,,,,,,,,,,,,,,,,,,,,,1,2,1,4,5,9,3,6,7,10,7,6,2,2,3,5,3,3,1,3,
St John Evangelist,,,,,,,,,,,,,,,,,,,,,,,,,,,,,,,,,,,,,,,,,,,,,,,,,,,,
St John Zachary,,,,,,,,,,,,,,,,,,,,,,,,,,,,1,,1,2,1,1,1,1,1,7,1,2,7,9,5,6,5,2,1,,,,,,
St Katharine Coleman,,,,,,,,,,,,,,,,,,,,,,,,,,,,,,,,,,,1,5,10,22,36,35,16,30,24,8,5,6,7,7,1,,,
St Katharine Crechurch,,,,,,,,,,,,,,,,,,,,,,,,,,,,,,,,,1,2,4,5,19,33,31,20,29,23,11,10,5,10,9,6,4,1,3,5
St Lawrence Jewry,,,,,,,,,,,,,,,,,,,,,,,,,,,,,,,,,1,3,1,8,4,1,6,5,5,4,3,,1,1,1,,,3,,1
St Lawrence Pountney,,,,,,,,,,,,,,,,,,,,,,,,,,,,,,,,,,3,5,9,14,13,17,14,10,15,14,6,2,8,5,2,1,1,,1
St Leonard Eastcheap,,,,,,,,,,,,,,,,,,,,,,,,,,,,,,,,,,,1,,,1,4,2,3,5,3,3,1,2,2,,,,,
St Leonard Fosterlane,,,,,,,,,,,,,,,,,,,,,,,,,,,,,,1,1,5,11,9,13,30,33,20,32,27,13,33,6,5,2,3,6,2,1,1,1,
St Magnus Parish,,,,,,,,,,,,,,,,,,,,,,,,,,,,,,,1,1,2,4,2,4,6,8,6,1,4,4,5,4,2,1,3,1,1,,,
St Margaret Lothbury,,,,,,,,,,,,,,,,,,,,,,,,,,,,,,1,,,6,2,1,,8,6,8,5,6,5,3,3,2,4,3,1,,,2,
St Margaret Moses,,,,,,,,,,,,,,,,,,,,,,,,,,,,,,,,,,1,,3,3,2,5,3,,,3,,1,,1,,1,,,2
St Margaret Newfishstreet,,,,,,,,,,,,,,,,,,,,,,,,,,,,,,,,,,,,,3,6,,,13,6,,,1,6,,,,,,
St Margaret Pattons,,,,,,,,,,,,,,,,,,,,,,,,,,,,,,,,,,,,,,4,3,4,3,4,3,1,1,1,,,,,,
St Mary Abchurch,,,,,,,,,,,,,,,,,,,,,,,,,,,,,,,,,,,,4,2,4,9,4,5,2,6,5,,4,3,,,,5,1
St Mary Aldermanbury,,,,,,,,,,,,,,,,,,,,,,,,,,,,2,,,1,2,1,2,5,7,15,7,16,15,14,6,6,3,4,3,,,,,,
St Mary Aldermary,,,,,,,,,,,,,,,,,,,,,,,,,,,,,,,1,,3,1,1,6,7,7,10,12,4,6,3,,,7,,3,3,1,,
St Mary le Bow,,,,,,,,,,,,,,,,,,,,,,,,,,,,,,,,1,1,3,6,4,8,1,2,1,1,2,2,,,,1,,,,1,2
St Mary Bothaw,,,,,,,,,,,,,,,,,,,,,,,,,,,,,,,,,,,1,5,4,,8,,4,2,3,,,2,,,,,,1
St Mary Colechurch,,,,,,,,,,,,,,,,,,,,,,,,,,,,,,,,,,1,,,,,1,2,1,,,,1,,,,,,,
St Mary Hill,,,,,,,,,,,,,,,,,,,,,,,,,,,,,,,,,,,1,1,5,4,8,4,8,6,6,2,3,4,6,2,,1,3,
St Mary Mounthaw,,,,,,,,,,,,,,,,,,,,,,,,,,,,,,,1,2,,2,,3,2,7,9,3,3,2,,1,,1,,,,,1,
St Mary Sommerset,,,,,,,,,,,,,,,,,,,,,,,,,,,,,1,1,,2,4,10,5,18,12,18,34,26,38,26,18,10,5,12,9,5,3,2,2,1
St Mary Stayning,,,,,,,,,,,,,,,,,,,,,,,,,,,,,,1,,,,1,,4,5,5,1,6,2,2,,,,,,,,,,
St Mary Woolchurch,,,,,,,,,,,,,,,,,,,,1,,,,,,,,,,,,,,,,,,1,2,6,4,5,5,4,1,1,2,,,,1,
St Mary Woolnoth,,,,,,,,,,,,,,,,,,,,,,,,,,,,,,,,,,1,1,1,2,2,6,6,5,5,3,,4,,,2,,,,
St Martin Iremongerlane,,,,,,,,,,,,,,,,,,,,,,,,,,,,,,,,1,,,,,,,1,,2,3,,,,2,,,,,,
St Botolph Aldgate,,,,,,,,,,,,,,,,,,,,,,,,,,,,1,4,14,34,65,81,173,212,46,439,570,589,433,338,284,155,82,53,68,44,24,8,7,16,11
St Botolph Bishopsgate,,,,,,,,,,,,,,,,,,,,,,,1,,2,2,3,17,20,39,77,80,133,196,236,280,,298,256,145,121,119,53,30,24,24,17,11,5,5,3,4
St Dunstan West,,,,,,,,,,,,,,,,,,,,,,,,,,,,5,9,3,11,10,2â€¢,25,29,42,74,50,79,58,59,56,35,21,15,13,17,9,5,2,2,3
St George Southwark,,,,,,,,,,,,,,,,,,,,,,,,,,,1,2,4,4,20,26,39,71,60,120,150,140,176,â€¢37,133,61,34,18,14,22,13,8,2,3,,2
St Giles Cripplegate,,,,,,,,,,,,,,,,,,,,,,,,2,1,3,7,32,49,114,208,302,356,521,572,602,567,401,373,225,151,138,67,28,22,39,23,17,2,3,3,7
St Olave Southwark,,,,,,,,,,,,,,,,,,,,,,,,,,1,,2,6,9,25,36,64,114,131,209,264,307,363,324,281,177,141,73,58,67,44,29,18,13,16,12
Lambeth Parish,,,,,,,,,,,,,,,,,,,,,,,,,,,,,,,2,2,1,10,9,17,21,37,43,40,39,62,42,â€¢8,23,39,46,35,6,8,6,21
St Leonard Shoreditch,,,,,,,,,,,,,,,,,,,,,,,,,,,,7,13,40,50,65,122,163,168,238,276,210,173,138,91,72,42,20,10,21,14,6,2,2,2,4
St Magdalen Bermondsey,,,,,,,,,,,,,,,,,,,,,,,,,,,,,,,2,2,7,24,36,78,116,172,180,174,106,146,77,51,40,57,36,19,8,12,7,13
St Mary Newington,,,,,,,,,,,,,,,,,,,,,,,,,,,,,,4,4,6,16,37,52,104,146,149,152,94,81,60,36,24,7,16,5,1,3,2,2,3
St Martin in the fields,,,,,,,,,,,,,,,,,,,,,,,,,2,4,11,55,101,113,176,160,,229,193,287,230,214,228,171,143,108,60,38,25,37,23,15,13,13,15,6
St Mary Savoy,,,,,,,,,,,,,,,,,,,,,,,,,,1,,4,6,4,8,7,6,12,10,16,21,13,19,13,16,14,3,3,2,7,2,4,3,,1,3
St Martin Ludgate,,,,,,,,,,,,,,,,,,,,,,,,,,,,,1,,1,,2,4,4,6,14,10,11,20,10,16,12,3,1,5,3,,,1,2,2
St Martin Orgars,,,,,,,,,,,,,,,,,,,,,,,,,,,,,,,,,1,,,9,15,11,7,3,5,5,1,1,4,1,,1,,,,1
St Martin Outwitch,,,,,,,,,,,,,,,,,,,,,,,,,,,,,,,1,,2,1,,4,4,4,3,5,5,5,,,,,,,,,,
St Martin Vintrey,,,,,,,,,,,,,,,,,,,,,,,,,,,,,,1,5,4,4,7,17,21,23,35,61,36,44,34,19,6,10,7,7,3,4,,,
St Matthew Fridaystreet,,,,,,,,,,,,,,,,,,,,,,,,,,,,,,,,,,,,1,,,1,,,2,,,,2,,,,,,
St Maudlin Milkstreet,,,,,,,,,,,,,,,,,,,,,,,,,,,,,,,,,1,,2,7,3,,3,1,,1,,,,,,,,,,
St Maudlin Oldfishstreet,,,,,,,,,,,,,,,,,,,,,,,,,,,,,,,1,,2,1,4,5,21,13,11,8,,8,,1,7,5,7,4,1,,1,3
St Michael Bassishaw,,,,,,,,,,,,,,,,,,,,,,,,,,,1,8,4,10,22,6,7,7,11,,11,9,12,16,,7,,1,,1,,1,,,,
St Michael Cornhil,,,,,,,,,,,,,,,,,,,,,,,,,,,,,,,,,,,1,,7,8,11,5,3,4,,4,,1,2,,,1,,
St Michael Crookedlane,,,,,,,,,,,,,,,,,,,,,,,,,2,2,1,2,3,3,,2,,,4,3,5,11,10,,12,17,10,,6,5,6,1,2,1,2,2
St Michael Queenhithe,,,,,,,,,,,,,,,,,,,,,,,,,,,,,,,2,,1,,6,11,12,9,6,10,23,3,16,7,5,1,3,2,,,,5
St Michael Quern,,,,,,,,,,,,,,,,,,,,,,,,,,,,,,,,2,,,,,1,2,3,3,3,2,,2,,,,,,,,
St Michael Royal,,,,,,,,,,,,,,,,,,,,,,,,,,,,,,,,,1,5,1,11,4,10,17,12,17,14,9,3,3,3,2,1,1,1,,1
St Michael Woodstreet,,,,,,,,,,,,,,,,,,,,,,,,,,,,,,,,3,1,4,1,6,8,2,2,5,3,13,3,4,1,3,2,,1,,,
St Mildred Breadstreet,,,,,,,,,,,,,,,,,,,,,,,,,,,,,,,,,,,1,2,2,7,3,1,4,1,3,1,,,1,,,,,
St Mildred Poultrey,,,,,,,,,,,,,,,,,,,,,,,,,,,,,,,2,1,2,1,3,4,1,7,2,4,2,8,4,1,,3,,1,,,,
St Nicholas Acons,,,,,,,,,,,,,,,,,,,,,,,,,,,,,,,,1,,,,1,,2,7,5,3,1,1,1,1,1,3,1,,,,
St Nicholas Coleabby,,,,,,,,,,,,,,,,,,,,,,,,,,,,,,,,1,1,5,,3,8,6,13,14,8,10,7,2,4,4,2,3,,,,
St Nicholas Olaves,,,,,,,,,,,,,,,,,,,,,,,,,,,,,,,,,1,,1,6,7,3,9,4,8,7,4,2,3,3,2,1,,,,1
St Olave Hartstreet,,,,,,,,,,,,,,,,,,,,,,,,,,,,,,,1,3,2,6,4,6,10,13,18,19,11,21,14,4,7,7,7,,,1,6,
St Olave Jewry,,,,,,,,,,,,,,,,,,,,,,,,,,,,,,,,,,1,1,4,4,3,5,1,4,2,,2,2,1,,1,,,,1
St Olave Silverstreet,,,,,,,,,,,,,,,,,,,,,,,,,,1,,,1,1,,3,8,12,15,17,18,12,17,7,4,5,5,4,1,1,,,1,,,
St Pancâ€¢as Soperlane,,,,,,,,,,,,,,,,,,,,,,,,,,,,,,,,,,,,,,,,,,,,,,,,,,,,
St Peter Cheap,,,,,,,,,,,,,,,,,,,,,,,,,,,2,,,,,,,,1,,3,4,3,5,3,4,7,3,,1,1,,,,,
St Peter Cornhil,,,,,,,,,,,,,,,,,,,,,,,,,,,,,,2,3,2,3,4,6,1,2,3,6,10,6,5,9,,5,3,3,,2,,,1
St Peter Paulswharf,,,,,,,,,,,,,,,,,,,,,,,,,,,,,,,,,1,1,2,7,7,9,12,11,10,11,4,3,1,2,4,,,,,1
St Peter Poor,,,,,,,,,,,,,,,,,,,,,,,,,,,,,,1,2,,1,1,2,1,2,6,6,6,7,2,6,,1,2,,,1,,,
St Steven Colemanstreet,,,,,,,,,,,,,,,,,,,,,,,,,,,,2,1,1,4,7,10,10,11,29,,31,40,51,38,41,28,10,12,9,13,8,4,1,2,
St Steven Walbrook,,,,,,,,,,,,,,,,,,,,,,,,,,,,,,,,,,,,,1,1,5,2,2,1,,2,1,1,1,,,,,
St Swithin,,,,,,,,,,,,,,,,,,,,,,,,,,,,,1,,7,2,1,2,2,2,2,2,9,6,51,4,4,,,1,2,2,,,1,1
St Thomas Apostle,,,,,,,,,,,,,,,,,,,,,,,,,,,,,1,1,,,8,6,,,7,8,,,4,10,,,3,4,,,,,,
Trinity Parish,,,,,,,,,,,,,,,,,,,,,,,,,,,,,,,,,1,1,3,3,3,11,13,9,9,12,2,1,5,3,1,2,,,,
Saviours Southwark,,,,,,,,,,,,,,,,,,,,,,,,,,,,,1,1,15,29,41,100,120,261,339,394,403,341,352,315,227,101,82,108,77,65,22,20,13,19
S. Sepulchres Parish,,,,,,,,,,,,,,,,,,,,,,,,,10,11,,,81,100,,,205,241,,336,264,206,,,9â€¢,84,,,11,16,,,3,2,,
St Thomas Southwark,,,,,,,,,,,,,,,,,,,,,,,,,,,1,2,5,2,6,2,8,4,21,22,33,44,52,36,36,32,23,10,5,8,0,8,,,2,
Trinity Minories,,,,,,,,,,,,,,,,,,,,,,,,,,,,,,1,1,4,,,5,4,19,10,10,18,21,15,12,2,2,4,3,,,2,,
At the Pesthouse,,,,,,,,,,,,,,,,,,,,,,1,1,,4,4,3,5,6,8,8,10,10,12,9,9,10,12,6,7,8,8,4,1,4,4,1,2,1,1,,1
St Mary Islington,,,,,,,,,,,,,,,,,,,,,,,,,,1,1,2,2,14,7,23,24,36,45,66,,62,66,41,,21,18,8,8,4,9,3,4,1,1,1
St Mary Whitechappel,,,,,,,,,,,,,,,,,,,,,,,,1,3,,,6,3,21,48,79,158,240,270,462,540,400,502,320,301,203,103,46,21,40,29,30,4,11,7,7
Rothorith Parish,,,,,,,,,,,,,,,,,,,,,,,,,,,,,,7,4,4,2,3,2,6,8,16,13,18,18,27,13,7,8,12,10,10,8,2,4,
Stepney Parish,,,,,,,,,,,,,,,,,,,,,,,,,,,1,2,1,33,58,76,136,197,273,442,666,685,686,579,631,593,366,246,165,253,191,103,75,43,38,44
St Margaret Westminster,,,,,,,,,,,,,,,,,,,,,,,,,,7,26,26,34,56,98,101,,228,191,309,321,331,399,,297,261,,93,72,92,57,45,22,14,15,19
Whereof at the Pesthouse,,,,,,,,,,,,,,,,,,,,,,,,,,,,4,3,3,,,39,12,13,8,12,9,,,4,4,3,2,1,,,,1,1,,
Alhallows Great,,,,,,,,,,,,,,,,,,,,,,,,,,,,,,1,2,,,5,5,10,9,32,53,,41,34,30,14,9,11,7,,5,,,2
Alhallows Lesse,,,,,,,,,,,,,,,,,,,,,,,,,,,,,,,2,1,1,,2,9,16,17,26,24,17,21,16,4,3,,3,2,2,,,2
Alhallows Lumbardstreet,,,,,,,,,,,,,,,,,,,,,,,,,,,,,,,,1,3,4,4,7,6,5,7,10,5,5,2,1,,,,,,,2,
Alhallows Staining,,,,,,,,,,,,,,,,,,,,,,,,,,,,,,2,,,1,2,,,11,8,,,18,8,,,7,,,,,,,
Alhallows the Wall,,,,,,,,,,,,,,,,,,,,,,,,,,,,,3,5,5,3,13,18,11,40,40,40,30,35,28,28,13,5,6,,10,5,2,,1,1
St Edmund Lumbardstr.,,,,,,,,,,,,,,,,,,,,,,,,,,,,,,,,,,,2,1,,2,4,3,1,10,4,1,,,3,3,,,,2
Buried in the 97 Parishes within the Walls 66 Plague 0,,,,,,,,,,,,,,,,,,,,,,,,,,,,,,,,,,,,,,,,,,,,,,,,,,,,
"Buried in the 16 Parishes without the Walls, and at the Pesthouse 136 Plague 0",,,,,,,,,,,,,,,,,,,,,,,,,,,,,,,,,,,,,,,,,,,,,,,,,,,,
St Giles in the fields,,,,,,,,1,,,,,,,,,,2,,3,,7,9,31,,101,,149,213,218,323,229,,242,175,146,178,156,,107,78,74,â€¢3,33,20,,21,16,4,4,5,2
Buried in the 12 out Parishes in Middlesex and Surry 102 Plague 0,,,,,,,,,,,,,,,,,,,,,,,,,,,,,,,,,,,,,,,,,,,,,,,,,,,,
St George Botolphlane,,,,,,,,,,,,,,,,,,,,,,,,,,,,,,,,,,,,,,,3,,1,4,7,,3,1,4,2,,,,2
St Michael Basâ€¢â€¢â€¢haw,,,,,,,,,,,,,,,,,,,,,,,,,,,,,,,,,,,,,,,,,,,,,,,,,,,,
St Pancras Soperlane,,,,,,,,,,,,,,,,,,,,,,,,,,,,,,,,,,,,2,1,,2,3,1,4,,1,,,,,1,,,
St Mary Illington,,,,,,,,,,,,,,,,,,,,,,,,,,,,,,,,,,,,,,,,,,,,,,,,,,,,
Alhallows Stayning,,,,,,,,,,,,,,,,,,,,,,,,,,,,,,,1,,,,5,5,,,10,11,,,9,2,,,,1,,,,
Christ Church,,,,,,,,,,,,,,,,,,,,,,,,,,,,4,,,12,13,,,,,,,48,43,,,24,12,,,8,3,,,1,2
Buried in the 97 Parishes within the Walls 95 Plague 0,,,,,,,,,,,,,,,,,,,,,,,,,,,,,,,,,,,,,,,,,,,,,,,,,,,,
"Buried in the 16 Parishes without the Walls, and at the Pesthouse 142 Plague 0",,,,,,,,,,,,,,,,,,,,,,,,,,,,,,,,,,,,,,,,,,,,,,,,,,,,
Buried in the 12 out Parishes in Middlesex and Surrey 100 Plague 0,,,,,,,,,,,,,,,,,,,,,,,,,,,,,,,,,,,,,,,,,,,,,,,,,,,,
St Margaret Newfishstre.,,,,,,,,,,,,,,,,,,,,,,,,,,,,,,,,,,,,1,,,13,7,,,5,2,,,2,1,,,,
St Thomas Apostles,,,,,,,,,,,,,,,,,,,,,,,,,,,,,,,7,2,,,7,10,,,17,5,,,4,2,,,3,1,,,,
S Sepulchres Parish,,,,,,,,,,,,,,,,,,,,,,,,,,,18,48,,,141,160,,,274,,,,214,138,,,40,19,,,13,9,,,,2
Buried in the 97 Parishes within the Walls 90 Plague 0,,,,,,,,,,,,,,,,,,,,,,,,,,,,,,,,,,,,,,,,,,,,,,,,,,,,
St Botolph Aldersgatâ€¢,,,,,,,,,,,,,,,,,,,,,,,,,,,,,,,,,,,,,,,,,,,,,,,,,,,,
"Buried in the 16 Parishes without the Walls, and at the Pesthouse 154 Plague 0",,,,,,,,,,,,,,,,,,,,,,,,,,,,,,,,,,,,,,,,,,,,,,,,,,,,
Buried in the 12 out Parishes in Middlesex and Surrey 113 Plague 0,,,,,,,,,,,,,,,,,,,,,,,,,,,,,,,,,,,,,,,,,,,,,,,,,,,,
Rothoâ€¢ith Parish,,,,,,,,,,,,,,,,,,,,,,,,,,,,,3,,,,,,,,,,,,,,,,,,,,,,,
St ALbans Woodstreeâ€¢,,,,,,,,,,,,,,,,,,,,,,,,,,,,,,,,,,,,,,,,,,,,,,,,,,,,
Alhallows Lumbardstr.,,,,,,,,,,,,,,,,,,,,,,,,,,,,,,,,,,,,,,,,,,,,,,,,,,,,
St Bartholomew Excha,,,,,,,,,,,,,,,,,,,,,,,,,,,,,,,,,,,,,,,,,,,,,,,,,,,,
St Bennet Paulswharfe,,,,,,,,,,,,,,,,,,,,,,,,,,,,,,,,,,,,,,,,,,,,,,,,,,,,
St Sherehog,,,,,,,,,,,,,,,,,,,,,,,,,,,,,,,,,,,,,,,,,,,,,,,,,,,,
St Dunstans East,,,,,,,,,,,,,,,,,,,,,,,,,,,,,,,,,,,,,,,,,,,,,,,,,,,,
St Edm. Lumbardstreet,,,,,,,,,,,,,,,,,,,,,,,,,,,,,,,,,,,,,,,,,,,,,,,,,,,,
St Faiths,,,,,,,,,,,,,,,,,,,,,,,,,,,,,,,,,,,,,,,,,,,,,,,,,,,,
St Fostets,,,,,,,,,,,,,,,,,,,,,,,,,,,,,,,,,,,,,,,,,,,,,,,,,,,,
Buried in the 97 Parishes within the Walls 104 Plague 0,,,,,,,,,,,,,,,,,,,,,,,,,,,,,,,,,,,,,,,,,,,,,,,,,,,,
St Andrews Holborne,,,,,,,,,,,,,,,,,,,,,,,,,,,,,,,,,,,,,,,,,,,,,,,,,,,,
St Brides Parish,,,,,,,,,,,,,,,,,,,,,,,,,,,,,,,,,,,,,,,,,,,,,,,,,,,,
"Buried in the 16 Parishes without the Walls, and at the Pesthouse 184 Plague 0",,,,,,,,,,,,,,,,,,,,,,,,,,,,,,,,,,,,,,,,,,,,,,,,,,,,
St Kath. neer the Tower,,,,,,,,,,,,,,,,,,,,,,,,,,,,,,,,,,,,,,,,,,,,,,,,,,,,
Buried in the 12 out Parishes in Middlesex and Surry 118 Plague 0,,,,,,,,,,,,,,,,,,,,,,,,,,,,,,,,,,,,,,,,,,,,,,,,,,,,
S Paul Covent Garden,,,,,,,,,,,,,,,,,,,,,,,,,,,,,,,,,,,,,,,,,,,,,,,,,,,,
St Gregories by St Pauls,,,,,,,,,,,,,,,,,,,,,,,,,,,,,,,,,,,,,,,,,,,,,,,,,,,,
St Hellens,,,,,,,,,,,,,,,,,,,,,,,,,,,,,,,,,,,,,,,,,,,,,,,,,,,,
St Katharine crechurch,,,,,,,,,,,,,,,,,,,,,,,,,,,,,,,,,,,,,,,,,,,,,,,,,,,,
St Margaret New fishs.,,,,,,,,,,,,,,,,,,,,,,,,,,,,,,,,,,,,,,,,,,,,,,,,,,,,
St Mary Staynings,,,,,,,,,,,,,,,,,,,,,,,,,,,,,,,,,,,,,,,,,,,,,,,,,,,,
St Martins Iremongerl,,,,,,,,,,,,,,,,,,,,,,,,,,,,,,,,,,,,,,,,,,,,,,,,,,,,
St Dunstans West,,,,,,,,,,,,,,,,,,,,,,1,,2,,,,,,,,,,,,,,,,,,,,,,,,,,,,
St Olaves Southwark,,,,,,,,,,,,,,,,,,,,,,,1,,,,,,,,,,,,,,,,,,,,,,,,,,,,,
St Magdalen Bermond.,,,,,,,,,,,,,,,,,,,,,,,,,,,,,,,,,,,,,,,,,,,,,,,,,,,,
St Martins in the fieldâ€¢,,,,,,,,,,,,,,,,,,,,,,,,,,,,,,,,,,,,,,,,,,,,,,,,,,,,
St Martins Ludgate,,,,,,,,,,,,,,,,,,,,,,,,,,,,,,,,,,,,,,,,,,,,,,,,,,,,
St Martins Outwitch,,,,,,,,,,,,,,,,,,,,,,,,,,,,,,,,,,,,,,,,,,,,,,,,,,,,
St Martins Vintrey,,,,,,,,,,,,,,,,,,,,,,,,,,,,,,,,,,,,,,,,,,,,,,,,,,,,
St Mathew Fridaystreet,,,,,,,,,,,,,,,,,,,,,,,,,,,,,,,,,,,,,,,,,,,,,,,,,,,,
St Maudlins Milkstreet,,,,,,,,,,,,,,,,,,,,,,,,,,,,,,,,,,,,,,,,,,,,,,,,,,,,
St Maudlins Oldfisâ€¢str,,,,,,,,,,,,,,,,,,,,,,,,,,,,,,,,,,,,,,,,,,,,,,,,,,,,
St Michael Crookedla.,,,,,,,,,,,,,,,,,,,,,,,,,,,,,,,,,,,,,,,,,,,,,,,,,,,,
St Michael Royall,,,,,,,,,,,,,,,,,,,,,,,,,,,,,,,,,,,,,,,,,,,,,,,,,,,,
St Olaves Hartstreet,,,,,,,,,,,,,,,,,,,,,,,,,,,,,,,,,,,,,,,,,,,,,,,,,,,,
St Olaves Jewry,,,,,,,,,,,,,,,,,,,,,,,,,,,,,,,,,,,,,,,,,,,,,,,,,,,,
St Olaves Silverstreet,,,,,,,,,,,,,,,,,,,,,,,,,,,,,,,,,,,,,,,,,,,,,,,,,,,,
St Peters Cheap,,,,,,,,,,,,,,,,,,,,,,,,,,,,,,,,,,,,,,,,,,,,,,,,,,,,
St Peters Cornhil,,,,,,,,,,,,,,,,,,,,,,,,,,,,,,,,,,,,,,,,,,,,,,,,,,,,
St Peters Paulswharf,,,,,,,,,,,,,,,,,,,,,,,,,,,,,,,,,,,,,,,,,,,,,,,,,,,,
St Peters Poor,,,,,,,,,,,,,,,,,,,,,,,,,,,,,,,,,,,,,,,,,,,,,,,,,,,,
St Stevens Colemanstr.,,,,,,,,,,,,,,,,,,,,,,,,,,,,,,,,,,,,,,,,,,,,,,,,,,,,
St Stevens Walbrook,,,,,,,,,,,,,,,,,,,,,,,,,,,,,,,,,,,,,,,,,,,,,,,,,,,,
St Swithins,,,,,,,,,,,,,,,,,,,,,,,,,,,,,,,,,,,,,,,,,,,,,,,,,,,,
St Saviours Southwark,,,,,,,,,,,,,,,,,,,,,,,,,,,,,,,,,,,,,,,,,,,,,,,,,,,,
St Sepulchres Parish,,,,,,,,,,,,,,,,,,,,,,,,5,,,,,,,,,,,,,,,,,,,,,,,,,,,,
Redriff Parish,,,,,,,,,,,,,,,,,,,,,,,,,,,,,,,,,,,,,,,,,,,,,,,,,,,,
St Margaret Westminst.,,,,,,,,,,,,,,,,,,,,,,,,,,,,,,,,,,,,,,,,,,,,,,,,,,,,
St ALbans Woodstreet,,,,,,,,,,,,,,,,,,,,,,,,,,,,,,,,,,,,,,,,,,,,,,,,,,,,
St Andrâ€¢w Undershaft,,,,,,,,,,,,,,,,,,,,,,,,,,,,,,,,,,,,,,,,,,,,,,,,,,,,
St Andrew Warâ€¢â€¢obe,,,,,,,,,,,,,,,,,,,,,,,,,,,,,,,,,,,,,,,,,,,,,,,,,,,,
St Bennet Paulswharâ€¢,,,,,,,,,,,,,,,,,,,,,,,,,,,,,,,,,,,,,,,,,,,,,,,,,,,,
St Dunstans Easâ€¢,,,,,,,,,,,,,,,,,,,,,,,,,,,,,,,,,,,,,,,,,,,,,,,,,,,,
St Fosters,,,,,,,,,,,,,,,,,,,,,,,,,,,,,,,,,,,,,,,,,,,,,,,,,,,,
Buried in the 97 Parishes within the Walls 88 Plague 0,,,,,,,,,,,,,,,,,,,,,,,,,,,,,,,,,,,,,,,,,,,,,,,,,,,,
ã€ˆâ—Šã€‰ Andrews Holborne,,,,,,,,,,,,,,,,,,,,,,,,,,,,,,,,,,,,,,,,,,,,,,,,,,,,
"Buried in the 16 Parishes without the Walls, and at the Pesthouse 143 Plague 0",,,,,,,,,,,,,,,,,,,,,,,,,,,,,,,,,,,,,,,,,,,,,,,,,,,,
ã€ˆâ—Šã€‰ Kath. neer the Towâ€¢â€¢,,,,,,,,,,,,,,,,,,,,,,,,,,,,,,,,,,,,,,,,,,,,,,,,,,,,
Buried in the 12 out Parishes in Middlesex and Surry 115 Plague 0,,,,,,,,,,,,,,,,,,,,,,,,,,,,,,,,,,,,,,,,,,,,,,,,,,,,
Sâ€¢ Paul Covent Garden,,,,,,,,,,,,,,,,,,,,,,,,,,,,,,,,,,,,,,,,,,,,,,,,,,,,
St Magnus Pariâ€¢h,,,,,,,,,,,,,,,,,,,,,,,,,,,,,,,,,,,,,,,,,,,,,,,,,,,,
St Margaret Newfishst,,,,,,,,,,,,,,,,,,,,,,,,,,,,,,,,,,,,,,,,,,,,,,,,,,,,
St Magdalen Bermond,,,,,,,,,,,,,,,,,,,,,,,,,,,,,,,,,,,,,,,,,,,,,,,,,,,,
St Martins in the fields,,,,,,,,,,,,,,,,,,,,,,,,1,,,,,,,,,,,,,,,,,,,,,,,,,,,,
St Martins Orgars,,,,,,,,,,,,,,,,,,,,,,,,,,,,,,,,,,,,,,,,,,,,,,,,,,,,
St Maudlins Oldfishstr.,,,,,,,,,,,,,,,,,,,,,,,,,,,,,,,,,,,,,,,,,,,,,,,,,,,,
St Michael Queenhiche,,,,,,,,,,,,,,,,,,,,,,,,,,,,,,,,,,,,,,,,,,,,,,,,,,,,
St Petâ€¢rs Cheap,,,,,,,,,,,,,,,,,,,,,,,,,,,,,,,,,,,,,,,,,,,,,,,,,,,,
St Peterâ€¢ Poor,,,,,,,,,,,,,,,,,,,,,,,,,,,,,,,,,,,,,,,,,,,,,,,,,,,,
St Stevens Colemanstr,,,,,,,,,,,,,,,,,,,,,,,,,,,,,,,,,,,,,,,,,,,,,,,,,,,,
â€¢rinity Minories,,,,,,,,,,,,,,,,,,,,,,,,,,,,,,,,,,,,,,,,,,,,,,,,,,,,
â€¢t the Pesthouse,,,,,,,,,,,,,,,,,,,,,,,,,,,,,,,,,,,,,,,,,,,,,,,,,,,,
Whereof at the Pesthousâ€¢,,,,,,,,,,,,,,,,,,,,,,,,,,,,,,,,,,,,,,,,,,,,,,,,,,,,
Alhallows Lumbardstr,,,,,,,,,,,,,,,,,,,,,,,,,,,,,,,,,,,,,,,,,,,,,,,,,,,,
St Bartholomew Exch.,,,,,,,,,,,,,,,,,,,,,,,,,,,,,,,,,,,,,,,,,,,,,,,,,,,,
St Batolph Billingsgate,,,,,,,,,,,,,,,,,,,,,,,,,,,,,,,,,,,,,,,,,,,,,,,,,,,,
St Ethelbourgh,,,,,,,,,,,,,,,,,,,,,,,,,,,,,,,,,,,,,,,,,,,,,,,,,,,,
Buried in the 97 Parishes within the Walls 80 Plague 0,,,,,,,,,,,,,,,,,,,,,,,,,,,,,,,,,,,,,,,,,,,,,,,,,,,,
St Andrews Molborn,,,,,,,,,,,,,,,,,,,,,,,,,,,,,,,,,,,,,,,,,,,,,,,,,,,,
St Bartholomew Greaâ€¢,,,,,,,,,,,,,,,,,,,,,,,,,,,,,,,,,,,,,,,,,,,,,,,,,,,,
Bridewel Frecinet,,,,,,,,,,,,,,,,,,,,,,,,,,,,,,,,,,,,,,,,,,,,,,,,,,,,
"Buried in the 16 Parishes without the Walls, and at the Pesthouse 150 Plague 0",,,,,,,,,,,,,,,,,,,,,,,,,,,,,,,,,,,,,,,,,,,,,,,,,,,,
S Iames Clerkenwel,,,,,,,,,,,,,,,,,,,,,,,,,,,,,,,,,,,,,,,,,,,,,,,,,,,,
S Kath. neer the Tower,,,,,,,,,,,,,,,,,,,,,,,,,,,,,,,,,,,,,,,,,,,,,,,,,,,,
Buried in the 12 out Parishes in Middlesex and Suâ€¢ry 99 Plague 0,,,,,,,,,,,,,,,,,,,,,,,,,,,,,,,,,,,,,,,,,,,,,,,,,,,,
St Hellins,,,,,,,,,,,,,,,,,,,,,,,,,,,,,,,,,,,,,,,,,,,,,,,,,,,,
St Margaret Newfishst.,,,,,,,,,,,,,,,,,,,,,,,,,,,,,,,,,,,,,,,,,,,,,,,,,,,,
St Margaret Patrons,,,,,,,,,,,,,,,,,,,,,,,,,,,,,,,,,,,,,,,,,,,,,,,,,,,,
St Mary Wolnoth,,,,,,,,,,,,,,,,,,,,,,,,,,,,,,,,,,,,,,,,,,,,,,,,,,,,
St Martins Iremongerl.,,,,,,,,,,,,,,,,,,,,,,,,,,,,,,,,,,,,,,,,,,,,,,,,,,,,
St Maudlins Oldfishst.,,,,,,,,,,,,,,,,,,,,,,,,,,,,,,,,,,,,,,,,,,,,,,,,,,,,
St Michael Basshishaw,,,,,,,,,,,,,,,,,,,,,,,,,,,,,,,,,,,,,,,,,,,,,,,,,,,,
St Paneras Soperlane,,,,,,,,,,,,,,,,,,,,,,,,,,,,,,,,,,,,,,,,,,,,,,,,,,,,
St Stevens Colemanst.,,,,,,,,,,,,,,,,,,,,,,,,,,,,,,,,,,,,,,,,,,,,,,,,,,,,
Alhallows Greaâ€¢,,,,,,,,,,,,,,,,,,,,,,,,,,,,,,,,,,,,,,,,59,,,,,,,,,,,,
Alhallows Honylane.,,,,,,,,,,,,,,,,,,,,,,,,,,,,,,,,,,,,,,,,,,,,,,,,,,,,
St Bâ€¢tolph Billingsgate,,,,,,,,,,,,,,,,,,,,,,,,,,,,,,,,,,,,,,,,,,,,,,,,,,,,
St Edm. Lumbardstreeâ€¢,,,,,,,,,,,,,,,,,,,,,,,,,,,,,,,,,,,,,,,,,,,,,,,,,,,,
Buried in the 97 Parishes within the Walls 85 Plague 0,,,,,,,,,,,,,,,,,,,,,,,,,,,,,,,,,,,,,,,,,,,,,,,,,,,,
St Andrews Holborn,,,,,,,,,,,,,,,,,,,,1,,,1,1,,,,,,,,,,,,,,,,,,,,,,,,,,,,
St Bartholemew Lesse,,,,,,,,,,,,,,,,,,,,,,,,,,,,,,,,,,,,,,,,,,,,,,,,,,,,
Bridewel Preccinet,,,,,,,,,,,,,,,,,,,,,,,,,,,,,,,,,,,,,,,,,,,,,,,,,,,,
"Buried in the 16 Parishes without the Walls, and at the Pesthouse 180 Plague 0",,,,,,,,,,,,,,,,,,,,,,,,,,,,,,,,,,,,,,,,,,,,,,,,,,,,
Buried in the 12 out Parishes in Middlesex and Surry 121 Plague 1,,,,,,,,,,,,,,,,,,,,,,,,,,,,,,,,,,,,,,,,,,,,,,,,,,,,
St George Botolphlant,,,,,,,,,,,,,,,,,,,,,,,,,,,,,,,,,,,,,,,,,,,,,,,,,,,,
St Margaret Newsislast,,,,,,,,,,,,,,,,,,,,,,,,,,,,,,,,,,,,,,,,,,,,,,,,,,,,
St Martins Iremongeri.,,,,,,,,,,,,,,,,,,,,,,,,,,,,,,,,,,,,,,,,,,,,,,,,,,,,
St Maudlins Milkstreâ€¢t,,,,,,,,,,,,,,,,,,,,,,,,,,,,,,,,,,,,,,,,,,,,,,,,,,,,
St Michael Baâ€¢sishaw,,,,,,,,,,,,,,,,,,,,,,,,,,,,,,,,,,,,,,,,,,,,,,,,,,,,
St Michael Crookedla,,,,,,,,,,,,,,,,,,,,,,,,,,,,,,,,,,,,,,,,,,,,,,,,,,,,
St Nicholas Coloabby,,,,,,,,,,,,,,,,,,,,,,,,,,,,,,,,,,,,,,,,,,,,,,,,,,,,
St Bâ€¢â€¢net Sherehog,,,,,,,,,,,,,,,,,,,,,,,,,,,,,,,,,,,,,,,,,,,,,,,,,,,,
Stâ€¢â€¢â€¢olph Billingsgate,,,,,,,,,,,,,,,,,,,,,,,,,,,,,,,,,,,,,,,,,,,,,,,,,,,,
Buried in the 97 Parishes within the Walls 82 Plague 0,,,,,,,,,,,,,,,,,,,,,,,,,,,,,,,,,,,,,,,,,,,,,,,,,,,,
Bridewel Precinet,,,,,,,,,,,,,,,,,,,,,,,,,,,,,,,,,,,,,,,,,,,,,,,,,,,,
"Buried in the 16 Parishes without the Walls, and at the Pesthouse 158 Plague 0",,,,,,,,,,,,,,,,,,,,,,,,,,,,,,,,,,,,,,,,,,,,,,,,,,,,
St Iames Clerkenwel,,,,,,,,,,,,,,,,,,,,,,,,,,,,,,,,,,,,,,,,,,,,,,,,,,,,
Buried in the 12 out Parishes in Middlesex and Surry 89 Plague 0,,,,,,,,,,,,,,,,,,,,,,,,,,,,,,,,,,,,,,,,,,,,,,,,,,,,
St George Betolphlane,,,,,,,,,,,,,,,,,,,,,,,,,,,,,,,,,,,,,,,,,,,,,,,,,,,,
Lamoeth Parish,,,,,,,,,,,,,,,,,,,,,,,,,,,,,,,,,,,,,,,,,,,,,,,,,,,,
St Loonard Shoreditch,,,,,,,,,,,,,,,,,,,,,,,,,,,,,,,,,,,,,,,,,,,,,,,,,,,,
St Martins in the â€¢â€¢elds,,,,,,,,,,,,,,,,,,,,,,,,,,,,,,,,,,,,,,,,,,,,,,,,,,,,
At the Pesâ€¢house,,,,,,,,,,,,,,,,,,,,,,,,,,,,,,,,,,,,,,,,,,,,,,,,,,,,
St Anâ€¢ Aldersgate,,,,,,,,,,,,,,,,,,,,,,,,,,,,,,,,,,,,,,,,,,,,,,,,,,,,
St Edm. Lumbard Rrecâ€¢,,,,,,,,,,,,,,,,,,,,,,,,,,,,,,,,,,,,,,,,,,,,,,,,,,,,
Buried in the 97 Parishes within the Walls 67 Plague 0,,,,,,,,,,,,,,,,,,,,,,,,,,,,,,,,,,,,,,,,,,,,,,,,,,,,
St Bartholomew Lâ€¢sse,,,,,,,,,,,,,,,,,,,,,,,,,,,,,,,,,,,,,,,,,,,,,,,,,,,,
ã€ˆâ—Šã€‰ Brides Parish,,,,,,,,,,,,,,,,,,,,,,,,,,,,,,,,,,,,,,,,,,,,,,,,,,,,
"Buried in the 16 Parishes without the Walls, and at the Pesthouse 156 Plague 0",,,,,,,,,,,,,,,,,,,,,,,,,,,,,,,,,,,,,,,,,,,,,,,,,,,,
ã€ˆâ—Šã€‰ Giles in the fields,,,,,,,,,,,,,,,,,,,,,,,,,,,,,,,,,,,,,,,,,,,,,,,,,,,,
Sâ€¢ Kath. neer the Tower,,,,,,,,,,,,,,,,,,,,,,,,,,,,,,,,,,,,,,,,,,,,,,,,,,,,
Buried in the 12 out Parishes in Middlesex and Surry 106 Plague 0,,,,,,,,,,,,,,,,,,,,,,,,,,,,,,,,,,,,,,,,,,,,,,,,,,,,
Lâ€¢mbeth Pâ€¢rish,,,,,,,,,,,,,,,,,,,,,,,,,,,,,,,,,,,,,,,,,,,,,,,,,,,,
St Leonard Shorediteh,,,,,,,,,,,,,,,,,,,,,,,,,,,,,,,,,,,,,,,,,,,,,,,,,,,,
St Martins in the field,,,,,,,,,,,,,,,,,,,,,,,,,,,,,,,,,,,,,,,,,,,,,,,,,,,,
St Martins Orgers,,,,,,,,,,,,,,,,,,,,,,,,,,,,,,,,,,,,,,,,,,,,,,,,,,,,
St Maudlins Oldfishst,,,,,,,,,,,,,,,,,,,,,,,,,,,,,,,,,,,,,,,,,,,,,,,,,,,,
St Mary â€¢slington,,,,,,,,,,,,,,,,,,,,,,,,,,,,,,,,,,,,,94,,,,,,,,,,,,,,,
Redrin Parish,,,,,,,,,,,,,,,,,,,,,,,,,,,,,,,,,,,,,,,,,,,,,,,,,,,,
St ALbans Wood street,,,,,,,,,,,,,,,,,,,,,,,,,,,,,,,,,,,,,,,,,,,,,,,,,,,,
Alhallows Bread street,,,,,,,,,,,,,,,,,,,,,,,,,,,,,,,,,,,,,,,,,,,,,,,,,,,,
St Bennet Graecchurcâ€¢,,,,,,,,,,,,,,,,,,,,,,,,,,,,,,,,,,,,,,,,,,,,,,,,,,,,
St Bennet Sherchog,,,,,,,,,,,,,,,,,,,,,,,,,,,,,,,,,,,,,,,,,,,,,,,,,,,,
Buried in the 97 Parishes within the Walls 83 Plague 0,,,,,,,,,,,,,,,,,,,,,,,,,,,,,,,,,,,,,,,,,,,,,,,,,,,,
St Brides Parisâ€¢,,,,,,,,,,,,,,,,,,,,,,,,,,,,,,,,,,,,,,,,,,,,,,,,,,,,
"Buried in the 16 Parishes without the Walls, and at the Pesthouse 176 Plague 0",,,,,,,,,,,,,,,,,,,,,,,,,,,,,,,,,,,,,,,,,,,,,,,,,,,,
Rackney Parish,,,,,,,,,,,,,,,,,,,,,,,,,,,,,,,,,,,,,,,,,,,,,,,,,,,,
Stâ€¢ames Clerkenwel,,,,,,,,,,,,,,,,,,,,,,,,,,,,,,,,,,,,,,,,,,,,,,,,,,,,
Buried in the 12 out Parishes in Middlesex and Surry 105 Plague 0,,,,,,,,,,,,,,,,,,,,,,,,,,,,,,,,,,,,,,,,,,,,,,,,,,,,
St Lawrence Poutney,,,,,,,,,,,,,,,,,,,,,,,,,,,,,,,,,,,,,,,,,,,,,,,,,,,,
St Margaret New fishst,,,,,,,,,,,,,,,,,,,,,,,,,,,,,,,,,,,,,,,,,,,,,,,,,,,,
St Marcins Iremongerl.,,,,,,,,,,,,,,,,,,,,,,,,,,,,,,,,,,,,,,,,,,,,,,,,,,,,
St Botolph Bishopsgatâ€¢,,,,,,,,,,,,,,,,,,,,,,,,,,,,,,,,,,,,,,,,,,,,,,,,,,,,
St Dunstans Weâ€¢t,,,,,,,,,,,,,,,,,,,,,,,,,,,,,,,,,,,,,,,,,,,,,,,,,,,,
Lambeth Parisâ€¢,,,,,,,,,,,,,,,,,,,,,,,,,,,,,,,,,,,,,,,,,,,,,,,,,,,,
St Leonard Shoreditcâ€¢,,,,,,,,,,,,,,,,,,,,,,,,,,,,,,,,,,,,,,,,,,,,,,,,,,,,
St Martins Outwich,,,,,,,,,,,,,,,,,,,,,,,,,,,,,,,,,,,,,,,,,,,,,,,,,,,,
St Maâ€¢hew Friday street,,,,,,,,,,,,,,,,,,,,,,,,,,,,,,,,,,,,,,,,,,,,,,,,,,,,
St Peters Paulswhars,,,,,,,,,,,,,,,,,,,,,,,,,,,,,,,,,,,,,,,,,,,,,,,,,,,,
Sâ€¢ Saviours Southwark,,,,,,,,,,,,,,,,,,,,,,,,,,,,,,,,,,,,,,,,,,,,,,,,,,,,
Sâ€¢ ALbans Woodstreet,,,,,,,,,,,,,,,,,,,,,,,,,,,,,,,,,,,,,,,,,,,,,,,,,,,,
Alhallows Lumbardstâ€¢,,,,,,,,,,,,,,,,,,,,,,,,,,,,,,,,,,,,,,,,,,,,,,,,,,,,
Alhallows the Wâ€¢ll,,,,,,,,,,,,,,,,,,,,,,,,,,,,,,,,,,,,,,,,,,,,,,,,,,,,
St Andrew Wardâ€¢obe,,,,,,,,,,,,,,,,,,,,,,,,,,,,,,,,,,,,,,,,,,,,,,,,,,,,
St Antholins Pariâ€¢â€¢,,,,,,,,,,,,,,,,,,,,,,,,,,,,,,,,,,,,,,,,,,,,,,,,,,,,
St Bennet Gracechurcâ€¢,,,,,,,,,,,,,,,,,,,,,,,,,,,,,,,,,,,,,,,,,,,,,,,,,,,,
St Bennet Paulswharse,,,,,,,,,,,,,,,,,,,,,,,,,,,,,,,,,,,,,,,,,,,,,,,,,,,,
St Bennet Sheâ€¢ehog,,,,,,,,,,,,,,,,,,,,,,,,,,,,,,,,,,,,,,,,,,,,,,,,,,,,
Sâ€¢ Dunstâ€¢ns East,,,,,,,,,,,,,,,,,,,,,,,,,,,,,,,,,,,,,,,,,,,,,,,,,,,,
Buried in the 97 Parishes within the Walls 72 Plague 0,,,,,,,,,,,,,,,,,,,,,,,,,,,,,,,,,,,,,,,,,,,,,,,,,,,,
S Andrews Holborne,,,,,,,,,,,,,,,,,,,,,,,,,,,,,,,,,,,,,,,,,,,,,,,,,,,,
Sâ€¢ Brides Parisâ€¢,,,,,,,,,,,,,,,,,,,,,,,,,,,,,,,,,,,,,,,,,,,,,,,,,,,,
ã€ˆâ—Šã€‰ Botolph Aldersgate,,,,,,,,,,,,,,,,,,,,,,,,,,,,,,,,,,,,,,,,,,,,,,,,,,,,
"Buried in the 16 Parishes without the Walls, and at the Pesthouse 197 Plague 0",,,,,,,,,,,,,,,,,,,,,,,,,,,,,,,,,,,,,,,,,,,,,,,,,,,,
Sâ€¢ Giles in the fields,,,,,,,,,,,,,,,,,,,,,1,,,,,,,,,,,,,,,,,,,,,,,,,,,,,,,
Haâ€¢kney Parish,,,,,,,,,,,,,,,,,,,,,,,,,,,,,,,,,,,,,,,,,,,,,,,,,,,,
Sâ€¢ James Clerkenwel,,,,,,,,,,,,,,,,,,,,,,,,,,,,,,,,,,,,,,,,,,,,,,5,,,,,,
Sâ€¢ Clement Danes,,,,,,,,,,,,,,,,,,,,,,,,,,,,,,,,,,,,,,,,,,,,,,,,,,,,
Stâ€¢ohn Evangelist,,,,,,,,,,,,,,,,,,,,,,,,,,,,,,,,,,,,,,,,,,,,,,,,,,,,
St Kâ€¢tharine crechurch,,,,,,,,,,,,,,,,,,,,,,,,,,,,,,,,,,,,,,,,,,,,,,,,,,,,
St Laâ€¢rence Jâ€¢â€¢ry,,,,,,,,,,,,,,,,,,,,,,,,,,,,,,,,,,,,,,,,,,,,,,,,,,,,
St Lawrence Poâ€¢ntney,,,,,,,,,,,,,,,,,,,,,,,,,,,,,,,,,,,,,,,,,,,,,,,,,,,,
St Magnus Perish,,,,,,,,,,,,,,,,,,,,,,,,,,,,,,,,,,,,,,,,,,,,,,,,,,,,
St Margaret â€¢eâ€¢fishsâ€¢,,,,,,,,,,,,,,,,,,,,,,,,,,,,,,,,,,,,,,,,,,,,,,,,,,,,
Sâ€¢ Mary Abchurch,,,,,,,,,,,,,,,,,,,,,,,,,,,,,,,,,,,,,,,,,,,,,,,,,,,,
Sâ€¢ Mary Bothaw,,,,,,,,,,,,,,,,,,,,,,,,,,,,,,,,,,,,,,,,,,,,,,,,,,,,
ã€ˆâ—Šã€‰ Mary Colechurch,,,,,,,,,,,,,,,,,,,,,,,,,,,,,,,,,,,,,,,,,,,,,,,,,,,,
St Mâ€¢ry Sommerseâ€¢,,,,,,,,,,,,,,,,,,,,,,,,,,,,,,,,,,,,,,,,,,,,,,,,,,,,
St Mary Woolcharen,,,,,,,,,,,,,,,,,,,,,,,,,,,,,,,,,,,,,,,,,,,,,,,,,,,,
St Martins Iremongerâ€¢,,,,,,,,,,,,,,,,,,,,,,,,,,,,,,,,,,,,,,,,,,,,,,,,,,,,
Sâ€¢ Giles Cripplegate,,,,,,,,,,,,,,,,,,,,,,,,,,,,,,,,,,,,,,,,,,,,,,,,,,,,
St Martins in the felds,,,,,,,,,,,,,,,,,,,,,,,,,,,,,,,,,,,,,,,,,,,,,,,,,,,,
St Martins Outâ€¢itch,,,,,,,,,,,,,,,,,,,,,,,,,,,,,,,,,,,,,,,,,,,,,,,,,,,,
St Maudlins Old fiâ€¢hstr.,,,,,,,,,,,,,,,,,,,,,,,,,,,,,,,,,,,,,,,,,,,,,,,,,,,,
St Mildred Breadstreeâ€¢,,,,,,,,,,,,,,,,,,,,,,,,,,,,,,,,,,,,,,,,,,,,,,,,,,,,
St Pancras Soperlanâ€¢,,,,,,,,,,,,,,,,,,,,,,,,,,,,,,,,,,,,,,,,,,,,,,,,,,,,
St Stevens Colemanâ€¢tr,,,,,,,,,,,,,,,,,,,,,,,,,,,,,,,,,,,,,,,,,,,,,,,,,,,,
St Thomas Apostleâ€¢,,,,,,,,,,,,,,,,,,,,,,,,,,,,,,,,,,,,,,,,,,,,,,,,,,,,
Sâ€¢ Saâ€¢iours Soâ€¢thwark,,,,,,,,,,,,,,,,,,,,,,,,,,,,,,,,,,,,,,,,,,,,,,,,,,,,
S Mary Iâ€¢â€¢ington,,,,,,,,,,,,,,,,,,,,,,,,,,,,,,,,,,,,,,,,,,,,,,,,,,,,
ã€ˆâ—Šã€‰ Mary Whitechappel,,,,,,,,,,,,,,,,,,,,,,,,,,,,,,,,,,,,,,,,,,,,,,,,,,,,
â€¢â€¢driff Parish,,,,,,,,,,,,,,,,,,,,,,,,,,,,,,,,,,,,,,,,,,,,,,,,,,,,
Stâ€¢pney Parish,,,,,,,,,,,,,,,,,,,,,,,,,,,,,,,,,,,,,,,,,,,,,,,,,,,,
Alhallows Barkinâ€¢,,,,,,,,,,,,,,,,,,,,,,,,,,,,,,,,,,,,,,,,,,,,,,,,,,,,
St Dunstans â€¢aâ€¢t,,,,,,,,,,,,,,,,,,,,,,,,,,,,,,,,,,,,,,,,,,,,,,,,,,,,
Buried in the 97 Parishes within the Walls 69 Plague 0,,,,,,,,,,,,,,,,,,,,,,,,,,,,,,,,,,,,,,,,,,,,,,,,,,,,
"Buried in the 16 Parishes without the Walls, and at the Pesthouse 133 Plague 0",,,,,,,,,,,,,,,,,,,,,,,,,,,,,,,,,,,,,,,,,,,,,,,,,,,,
Buried in the 12 out Parishes in Middlesex and Surry 98 Plague 0,,,,,,,,,,,,,,,,,,,,,,,,,,,,,,,,,,,,,,,,,,,,,,,,,,,,
St Martins Lâ€¢â€¢â€¢â€¢â€¢â€¢e,,,,,,,,,,,,,,,,,,,,,,,,,,,,,,,,,,,,,,,,,,,,,,,,,,,,
St Martins Oâ€¢â€¢â€¢itch,,,,,,,,,,,,,,,,,,,,,,,,,,,,,,,,,,,,,,,,,,,,,,,,,,,,
St Mathew Fridayâ€¢â€¢reâ€¢â€¢,,,,,,,,,,,,,,,,,,,,,,,,,,,,,,,,,,,,,,,,,,,,,,,,,,,,
St Mâ€¢â€¢dlin Milã€ˆ7 lettersã€‰,,,,,,,,,,,,,,,,,,,,,,,,,,,,,,,,,,,,,,,,,,,,,,,,,,,,
St Maudlins â€¢ldâ€¢â€¢â€¢â€¢â€¢â€¢,,,,,,,,,,,,,,,,,,,,,,,,,,,,,,,,,,,,,,,,,,,,,,,,,,,,
St Michael Baâ€¢â€¢â€¢â€¢haw,,,,,,,,,,,,,,,,,,,,,,,,,,,,,,,,,,,,,,,,,,,,,,,,,,,,
St Pancras Soperlans,,,,,,,,,,,,,,,,,,,,,,,,,,,,,,,,,,,,,,,,,,,,,,,,,,,,
Buried in the 97 Parishes within the Walls 68 Plague 0,,,,,,,,,,,,,,,,,,,,,,,,,,,,,,,,,,,,,,,,,,,,,,,,,,,,
"Buried in the 16 Parishes without the Walls, and at the Pesthouse 160 Plague 0",,,,,,,,,,,,,,,,,,,,,,,,,,,,,,,,,,,,,,,,,,,,,,,,,,,,
Buried in the 12 out Parishes in Middlesex and Surry 74 Plague 0,,,,,,,,,,,,,,,,,,,,,,,,,,,,,,,,,,,,,,,,,,,,,,,,,,,,
ALbans Woodstreet,,,,,,,,,,,,,,,,,,,,,,,,,,,,,,,,,,,,,,,,,,,,,,,,,,,,
â€¢lhâ€¢llows Breadstreet,,,,,,,,,,,,,,,,,,,,,,,,,,,,,,,,,,,,,,,,,,,,,,,,,,,,
Alhallows Lâ€¢sse,,,,,,,,,,,,,,,,,,,,,,,,,,,,,,,,,,,,,,,,,,,,,,,,,,,,
St Ana Aldersgate,,,,,,,,,,,,,,,,,,,,,,,,,,,,,,,,,,,,,,,,,,,,,,,,,,,,
Buried in the 97 Parishes within the Walls 74 Plague 0,,,,,,,,,,,,,,,,,,,,,,,,,,,,,,,,,,,,,,,,,,,,,,,,,,,,
Sâ€¢ Andrews Holborne,,,,,,,,,,,,,,,,,,,,,,,,,,,,,,,,,,,,,,,,,,,,,,,,,,,,
"Buried in the 16 Parishes without the Walls, and at the Pesthouse 138 Plague 0",,,,,,,,,,,,,,,,,,,,,,,,,,,,,,,,,,,,,,,,,,,,,,,,,,,,
St James Clerkâ€¢nwel,,,,,,,,,,,,,,,,,,,,,,,,,,,,,,,,,,,,,,,,,,,,,,,,,,,,
Buried in the 12 out Parishes in Middlesex and Surry 86 Plague 0,,,,,,,,,,,,,,,,,,,,,,,,,,,,,,,,,,,,,,,,,,,,,,,,,,,,
Sâ€¢ Gregories by St Paulâ€¢,,,,,,,,,,,,,,,,,,,,,,,,,,,,,,,,,,,,,,,,,,,,,,,,,,,,
St Katharine â€¢rechurch,,,,,,,,,,,,,,,,,,,,,,,,,,,,,,,,,,,,,,,,,,,,,,,,,,,,
St Leonard Posterlane,,,,,,,,,,,,,,,,,,,,,,,,,,,,,,,,,,,,,,,,,,,,,,,,,,,,
St Mary Stayningâ€¢,,,,,,,,,,,,,,,,,,,,,,,,,,,,,,,,,,,,,,,,,,,,,,,,,,,,
St Mary Woolâ€¢oth,,,,,,,,,,,,,,,,,,,,,,,,,,,,,,,,,,,,,,,,,,,,,,,,,,,,
St Mathew Fridaystrâ€¢et,,,,,,,,,,,,,,,,,,,,,,,,,,,,,,,,,,,,,,,,,,,,,,,,,,,,
St Olaves Hartâ€¢trâ€¢et,,,,,,,,,,,,,,,,,,,,,,,,,,,,,,,,,,,,,,,,,,,,,,,,,,,,
Trinity Parisâ€¢,,,,,,,,,,,,,,,,,,,,,,,,,,,,,,,,,,,,,,,,,,,,,,,,,,,,
St Saviours Sâ€¢uthwark,,,,,,,,,,,,,,,,,,,,,,,,,,,,,,,,,,,,,,,,,,,,,,,,,,,,
Sâ€¢ Andrew Hubbard,,,,,,,,,,,,,,,,,,,,,,,,,,,,,,,,,,,,,,,,,,,,,,,,,,,,
Buried in the 97 Parishes within the Walls 81 Plague 0,,,,,,,,,,,,,,,,,,,,,,,,,,,,,,,,,,,,,,,,,,,,,,,,,,,,
"Buried in the 16 Parishes without the Walls, and at the Pesthouse 149 Plague 0",,,,,,,,,,,,,,,,,,,,,,,,,,,,,,,,,,,,,,,,,,,,,,,,,,,,
Buried in the 12 out Parishes in Middlesex and Surry 107 Plague 0,,,,,,,,,,,,,,,,,,,,,,,,,,,,,,,,,,,,,,,,,,,,,,,,,,,,
St Margaret Neâ€¢fishsâ€¢,,,,,,,,,,,,,,,,,,,,,,,,,,,,,,,,,,,,,,,,,,,,,,,,,,,,
St Margaret Pattonâ€¢,,,,,,,,,,,,,,,,,,,,,,,,,,,,,,,,,,,,,,,,,,,,,,,,,,,,
Sâ€¢ Botolph Aldgate,,,,,,,,,,,,,,,,,,,,,,,,,,,,,,,,,,,,,,,,,,,,,,,,,,,,
St Mathew Fridaystreeâ€¢,,,,,,,,,,,,,,,,,,,,,,,,,,,,,,,,,,,,,,,,,,,,,,,,,,,,
St Maudlins Milkstree,,,,,,,,,,,,,,,,,,,,,,,,,,,,,,,,,,,,,,,,,,,,,,,,,,,,
St Maudlins Oldfiâ€¢hstr,,,,,,,,,,,,,,,,,,,,,,,,,,,,,,,,,,,,,,,,,,,,,,,,,,,,
St Michael Crookedlâ€¢,,,,,,,,,,,,,,,,,,,,,,,,,,,,,,,,,,,,,,,,,,,,,,,,,,,,
St Michael Queenhithâ€¢,,,,,,,,,,,,,,,,,,,,,,,,,,,,,,,,,,,,,,,,,,,,,,,,,,,,
St Michael Woodstreâ€¢,,,,,,,,,,,,,,,,,,,,,,,,,,,,,,,,,,,,,,,,,,,,,,,,,,,,
St Mildred Breadstrâ€¢et,,,,,,,,,,,,,,,,,,,,,,,,,,,,,,,,,,,,,,,,,,,,,,,,,,,,
Bedriff Parish,,,,,,,,,,,,,,,,,,,,,,,,,,,,,,,,,,,,,,,,,,,,,,,,,,,,
Aâ€¢hallows Breadstreet,,,,,,,,,,,,,,,,,,,,,,,,,,,,,,,,,,,,,,,,,,,,,,,,,,,,
St Andrew Ward-robe,,,,,,,,,,,,,,,,,,,,,,,,,,,,,,,,,,,,,,,,,,,,,,,,,,,,
St Ann Alderigate,,,,,,,,,,,,,,,,,,,,,,,,,,,,,,,,,,,,,,,,,,,,,,,,,,,,
St Bennet Graeechurel,,,,,,,,,,,,,,,,,,,,,,,,,,,,,,,,,,,,,,,,,,,,,,,,,,,,
St Dinnis Backebutch,,,,,,,,,,,,,,,,,,,,,,,,,,,,,,,,,,,,,,,,,,,,,,,,,,,,
St Bartholomew Losse,,,,,,,,,,,,,,,,,,,,,,,,,,,,,,,,,,,,,,,,,,,,,,,,,,,,
St Brides Pariâ€¢â€¢,,,,,,,,,,,,,,,,,,,,,,,,,,,,,,,,,,,,,,,,,,,,,,,,,,,,
Bridewel Precinâ€¢â€¢,,,,,,,,,,,,,,,,,,,,,,,,,,,,,,,,,,,,,,,,,,,,,,,,,,,,
"Buried in the 16 Parishes without the Walls, and at the Pesthouse 126 Plague 0",,,,,,,,,,,,,,,,,,,,,,,,,,,,,,,,,,,,,,,,,,,,,,,,,,,,
St Giles in the field,,,,,,,,,,,,,,,,,,,,,,,,,,,,,,,,,,,,,,,,,,,,,,,,,,,,
Buried in the 12 out Parishes in Middlesex and Surry 93 Plague 0,,,,,,,,,,,,,,,,,,,,,,,,,,,,,,,,,,,,,,,,,,,,,,,,,,,,
St James Garlickithe,,,,,,,,,,,,,,,,,,,,,,,,,,,,,,,,,,,,,,,,,,,,,,,,,,,,
St Katharins Coleman,,,,,,,,,,,,,,,,,,,,,,,,,,,,,,,,,,,,,,,,,,,,,,,,,,,,
St Margaret Neâ€¢fisâ€¢â€¢,,,,,,,,,,,,,,,,,,,,,,,,,,,,,,,,,,,,,,,,,,,,,,,,,,,,
St Magdalen Barmond.,,,,,,,,,,,,,,,,,,,,,,,,,,,,,,,,,,,,,,,,,,,,,,,,,,,,
St Maudlins Milkâ€¢â€¢reet,,,,,,,,,,,,,,,,,,,,,,,,,,,,,,,,,,,,,,,,,,,,,,,,,,,,
St Maudlins Oldâ€¢â€¢â€¢â€¢r.,,,,,,,,,,,,,,,,,,,,,,,,,,,,,,,,,,,,,,,,,,,,,,,,,,,,
St Michael Baâ€¢â€¢â€¢â€¢aw,,,,,,,,,,,,,,,,,,,,,,,,,,,,,,,,,,,,,,,,,,,,,,,,,,,,
St Olaves Martstreet,,,,,,,,,,,,,,,,,,,,,,,,,,,,,,,,,,,,,,,,,,,,,,,,,,,,
St Mary Ishagton,,,,,,,,,,,,,,,,,,,,,,,,,,,,,,,,,,,,,,,,,,,,,,,,,,,,
St Mary Whitechappâ€¢l,,,,,,,,,,,,,,,,,,,,,,,,,,,,,,,,,,,,,,,,,,,,,,,,,,,,
Whereof at the Pesthous.,,,,,,,,,,,,,,,,,,,,,,,,,,,,,,,,,,,,,,,,,,,,,,,,,,,,
St Bartholomew Exchâ€¢,,,,,,,,,,,,,,,,,,,,,,,,,,,,,,,,,,,,,,,,,,,,,,,,,,,,
St Botolph Billingsgatâ€¢,,,,,,,,,,,,,,,,,,,,,,,,,,,,,,,,,,,,,,,,,,,,,,,,,,,,
St Dinnis Backchurch,,,,,,,,,,,,,,,,,,,,,,,,,,,,,,,,,,,,,,,,,,,,,,,,,,,,
Buried in the 97 Parishes within the Walls 65 Plague 0,,,,,,,,,,,,,,,,,,,,,,,,,,,,,,,,,,,,,,,,,,,,,,,,,,,,
"Buried in the 16 Parishes without the Walls, and at the Pesthouse 145 Plague 0",,,,,,,,,,,,,,,,,,,,,,,,,,,,,,,,,,,,,,,,,,,,,,,,,,,,
Buried in the 12 out Parishes in Middlesex and Surry 119 Plague 2,,,,,,,,,,,,,,,,,,,,,,,,,,,,,,,,,,,,,,,,,,,,,,,,,,,,
St Clement Dâ€¢nâ€¢,,,,,,,,,,,,,,,,,,,,,,,,,,,,,,,,,,,,,,,,,,,,,,,,,,,,
St Margaret Neâ€¢sithâ€¢â€¢,,,,,,,,,,,,,,,,,,,,,,,,,,,,,,,,,,,,,,,,,,,,,,,,,,,,
St Martins Oâ€¢â€¢â€¢rs,,,,,,,,,,,,,,,,,,,,,,,,,,,,,,,,,,,,,,,,,,,,,,,,,,,,
St Maudlins Milkâ€¢treet,,,,,,,,,,,,,,,,,,,,,,,,,,,,,,,,,,,,,,,,,,,,,,,,,,,,
St Maudlins Oldâ€¢â€¢â€¢â€¢r,,,,,,,,,,,,,,,,,,,,,,,,,,,,,,,,,,,,,,,,,,,,,,,,,,,,
St Michael Baâ€¢â€¢sâ€¢aw,,,,,,,,,,,,,,,,,,,,,,,,,,,,,,,,,,,,,,,,,,,,,,,,,,,,
St Michael Crookeâ€¢â€¢a.,,,,,,,,,,,,,,,,,,,,,,,,,,,,,,,,,,,,,,,,,,,,,,,,,,,,
St Peters Paulswarf,,,,,,,,,,,,,,,,,,,,,,,,,,,,,,,,,,,,,,,,,,,,,,,,,,,,
St Margaret Westminst,,,,,,,,,,,,,,,,,,,,,,,,,,,,,,,,,,,,,,,,,,,,,,,,,,,,
Whereof at theâ€¢â€¢sthouse,,,,,,,,,,,,,,,,,,,,,,,,,,,,,,,,,,,,,,,,,,,,,,,,,,,,
Buried in the 97 Parishes within the Walls 70 Plague 0,,,,,,,,,,,,,,,,,,,,,,,,,,,,,,,,,,,,,,,,,,,,,,,,,,,,
Buried in the 12 out Parishes in Middlesex and Surry 127 Plague 0,,,,,,,,,,,,,,,,,,,,,,,,,,,,,,,,,,,,,,,,,,,,,,,,,,,,
â€¢imâ€¢eâ€¢h Parish,,,,,,,,,,,,,,,,,,,,,,,,,,,,,,,,,,,,,,,,,,,,,,,,,,,,
Buried in the 97 Parishes within the Walls 54 Plague 1,,,,,,,,,,,,,,,,,,,,,,,,,,,,,,,,,,,,,,,,,,,,,,,,,,,,
St Bartholâ€¢mew Lesse,,,,,,,,,,,,,,,,,,,,,,,,,,,,,,,,,,,,,,,,,,,,,,,,,,,,
"Buried in the 16 Parishes without the Walls, and at the Pesthouse 123 Plague 1",,,,,,,,,,,,,,,,,,,,,,,,,,,,,,,,,,,,,,,,,,,,,,,,,,,,
â€¢ackney Parish,,,,,,,,,,,,,,,,,,,,,,,,,,,,,,,,,,,,,,,,,,,,,,,,,,,,
Buried in the 12 out Parishes in Middlesex and Surry 114 Plague 3,,,,,,,,,,,,,,,,,,,,,,,,,,,,,,,,,,,,,,,,,,,,,,,,,,,,
â€¢amâ€¢eth Parish,,,,,,,,,,,,,,,,,,,,,,,,,,,,,,,,,,,,,,,,,,,,,,,,,,,,
St Thoâ€¢as Apostle,,,,,,,,,,,,,,,,,,,,,,,,,,,,,,,,,,,,,,,,,,,,,,,,,,,,
St Mary Iflington,,,,,,,,,,,,,,,,,,,,,,,,,,,,,,,,,,,,,,,,,,,,,,,,,,,,
Steâ€¢ney Parish,,,,,,,,,,,,,,,,,,,,,,,,,,,,,,,,,,,,,,,,,,,,,,,,,,,,
St Andrew Hubberd,,,,,,,,,,,,,,,,,,,,,,,,,,,,,,,,,,,,,,,,,,,,,,,,,,,,
St Gabriel Fenechurch,,,,,,,,,,,,,,,,,,,,,,,,,,,,,,,,,,,,,,,,,,,,,,,,,,,,
Buried in the 97 Parishes within the Walls 55 Plague 0,,,,,,,,,,,,,,,,,,,,,,,,,,,,,,,,,,,,,,,,,,,,,,,,,,,,
Sâ€¢ Bartholomew Lesse,,,,,,,,,,,,,,,,,,,,,,,,,,,,,,,,,,,,,,,,,,,,,,,,,,,,
ã€ˆâ—Šã€‰ James Clerkenwel,,,,,,,,,,,,,,,,,,,,,,,,,,,,,,,,,,,,,,,,,,,,,,,,,,,,
Buried in the 12 out Parishes in Middlesex and Surry 116 Plague 1,,,,,,,,,,,,,,,,,,,,,,,,,,,,,,,,,,,,,,,,,,,,,,,,,,,,
St Margaret Lothbury.,,,,,,,,,,,,,,,,,,,,,,,,,,,,,,,,,,,,,,,,,,,,,,,,,,,,
â€¢ambeth Parish,,,,,,,,,,,,,,,,,,,,,,,,,,,,,,,,,,,,,,,,,,,,,,,,,,,,
St Maudlins Oldfishstr,,,,,,,,,,,,,,,,,,,,,,,,,,,,,,,,,,,,,,,,,,,,,,,,,,,,
St Peters Corâ€¢hil,,,,,,,,,,,,,,,,,,,,,,,,,,,,,,,,,,,,,,,,,,,,,,,,,,,,
St Mary Whitechappe,,,,,,,,,,,,,,,,,,,,,,,,,,,,,,,,,,,,,,,,,,,,,,,,,,,,
â€¢hereof at the Pesthouse,,,,,,,,,,,,,,,,,,,,,,,,,,,,,,,,,,,,,,,,,,,,,,,,,,,,
St Andrew Undersâ€¢aft,,,,,,,,,,,,,,,,,,,,,,,,,,,,,,,,,,,,,,,,,,,,,,,,,,,,
Buried in the 97 Parishes within the Walls 63 Plague 0,,,,,,,,,,,,,,,,,,,,,,,,,,,,,,,,,,,,,,,,,,,,,,,,,,,,
Sâ€¢ Bartholomew Great,,,,,,,,,,,,,,,,,,,,,,,,,,,,,,,,,,,,,,,,,,,,,,,,,,,,
"Buried in the 16 Parishes without the Walls, and at the Pesthouse 125 Plague 2",,,,,,,,,,,,,,,,,,,,,,,,,,,,,,,,,,,,,,,,,,,,,,,,,,,,
Buried in the 12 out Parishes in Middlesex and Surry 129 Plague 7,,,,,,,,,,,,,,,,,,,,,,,,,,,,,,,,,,,,,,,,,,,,,,,,,,,,
St Clement Daneâ€¢,,,,,,,,,,,,,,,,,,,,,,5,,,,,,,,,,,,,,,,,,,,,,,,,,,,,,
St Leonard Fosterlant,,,,,,,,,,,,,,,,,,,,,,,,,,,,,,,,,,,,,,,,,,,,,,,,,,,,
St Margaret Newfiâ€¢shâ€¢â€¢,,,,,,,,,,,,,,,,,,,,,,,,,,,,,,,,,,,,,,,,,,,,,,,,,,,,
St Maudlins Oldfish str.,,,,,,,,,,,,,,,,,,,,,,,,,,,,,,,,,,,,,,,,,,,,,,,,,,,,
Buried in the 97 Parishes within the Walls 56 Plague 0,,,,,,,,,,,,,,,,,,,,,,,,,,,,,,,,,,,,,,,,,,,,,,,,,,,,
"Buried in the 16 Parishes without the Walls, and at the Pesthouse 127 Plaguâ€¢ 4",,,,,,,,,,,,,,,,,,,,,,,,,,,,,,,,,,,,,,,,,,,,,,,,,,,,
St Kath. neer the Toweâ€¢,,,,,,,,,,,,,,,,,,,,,,,,,,,,,,,,,,,,,,,,,,,,,,,,,,,,
Buried in the 12 out Parishes in Middlesex and Surry 145 Plague 9,,,,,,,,,,,,,,,,,,,,,,,,,,,,,,,,,,,,,,,,,,,,,,,,,,,,
Lamâ€¢eth Parish,,,,,,,,,,,,,,,,,,,,,,,,,,,,,,,,,,,,,,,,,,,,,,,,,,,,
St Michael Bassiâ€¢haw,,,,,,,,,,,,,,,,,,,,,,,,,,,,,,,,,,,,,,,,,,,,,,,,,,,,
St Pancras Soperlant,,,,,,,,,,,,,,,,,,,,,,,,,,,,,,,,,,,,,,,,,,,,,,,,,,,,
Sâ€¢ Botolph Aldersgate,,,,,,,,,,,,,,,,,,,,,,,,,,,,,,,,,,,,,,,,,,,,,,,,,,,,
"Buried in the 16 Parishes without the Walls, and at the Pesthouse 135 Plague 10",,,,,,,,,,,,,,,,,,,,,,,,,,,,,,,,,,,,,,,,,,,,,,,,,,,,
S James Clerkenwel,,,,,,,,,,,,,,,,,,,,,,,,,,,,,,,,,,,,,,,,,,,,,,,,,,,,
Buried in the 12 out Parishes in Middlesex and Surry 138 Plague 32,,,,,,,,,,,,,,,,,,,,,,,,,,,,,,,,,,,,,,,,,,,,,,,,,,,,
St Michael Crookedia.,,,,,,,,,,,,,,,,,,,,,,,,,,,,,,,,,,,,,,,,,,,,,,,,,,,,
St Nicholas Colâ€¢abby,,,,,,,,,,,,,,,,,,,,,,,,,,,,,,,,,,,,,,,,,,,,,,,,,,,,
St Alhallows Barking,,,,,,,,,,,,,,,,,,,,,,,,,,,,,,,,,,,,,,,,,,,,,,,,,,,,
Buried in the 97 Parishes within the Walls 67 Plague 4,,,,,,,,,,,,,,,,,,,,,,,,,,,,,,,,,,,,,,,,,,,,,,,,,,,,
"Buried in the 16 Parishes without the Walls, and at the Pesthouse 179 Plague 27",,,,,,,,,,,,,,,,,,,,,,,,,,,,,,,,,,,,,,,,,,,,,,,,,,,,
St Giles in the fieldâ€¢,,,,,,,,,,,,,,,,,,,,,,,,,8,,,,,,,,,,,,,,125,,,,,,,,,,,,,
Hâ€¢câ€¢ney Parish,,,,,,,,,,,,,,,,,,,,,,,,,,,,,,,,,,,,,,,,,,,,,,,,,,,,
Buried in the 12 out Parishes in Middlesex and Surry 238 Plague 71,,,,,,,,,,,,,,,,,,,,,,,,,,,,,,,,,,,,,,,,,,,,,,,,,,,,
St Mary Iâ€¢lington,,,,,,,,,,,,,,,,,,,,,,,,,,,,,,,,,,,,,,,,,,,,,,,,,,,,
Buried in the 97 Parishes within the Walls 64 Plague 10,,,,,,,,,,,,,,,,,,,,,,,,,,,,,,,,,,,,,,,,,,,,,,,,,,,,
"Buried in the 16 Parishes without the Walls, and at the Pesthouse 192 Plague 34",,,,,,,,,,,,,,,,,,,,,,,,,,,,,,,,,,,,,,,,,,,,,,,,,,,,
Buried in the 12 out Parishes in Middlesex and Surry 258 Plague 105,,,,,,,,,,,,,,,,,,,,,,,,,,,,,,,,,,,,,,,,,,,,,,,,,,,,
Buried in the 97 Parishes within the Walls 49 Plague 4,,,,,,,,,,,,,,,,,,,,,,,,,,,,,,,,,,,,,,,,,,,,,,,,,,,,
Briâ€¢ewel Precinct,,,,,,,,,,,,,,,,,,,,,,,,,,,,,,,,,,,,,,,,,,,,,,,,,,,,
"Buried in the 16 Parishes without the Walls, and at the Pesthouse 225 Plague 55",,,,,,,,,,,,,,,,,,,,,,,,,,,,,,,,,,,,,,,,,,,,,,,,,,,,
Buried in the 12 out Parishes in Middlesex and Surrey 291 Plague 153,,,,,,,,,,,,,,,,,,,,,,,,,,,,,,,,,,,,,,,,,,,,,,,,,,,,
Buried in the 97 Parishes within the Walls 93 Plague 23,,,,,,,,,,,,,,,,,,,,,,,,,,,,,,,,,,,,,,,,,,,,,,,,,,,,
"Buried in the 16 Parishes without the Walls, and at the Pesthouse 360 Plague 166",,,,,,,,,,,,,,,,,,,,,,,,,,,,,,,,,,,,,,,,,,,,,,,,,,,,
Buried in the 12 out Parishes in Middlesex and Surrey 345 Plague 176,,,,,,,,,,,,,,,,,,,,,,,,,,,,,,,,,,,,,,,,,,,,,,,,,,,,
Buried in the 97 Parishes within the Walls 86 Plague 28,,,,,,,,,,,,,,,,,,,,,,,,,,,,,,,,,,,,,,,,,,,,,,,,,,,,
â€¢ridewel Precinct,,,,,,,,,,,,,,,,,,,,,,,,,,,,,1,,,,,,,,,,,,,,,,,,,,,,,
"Buried in the 16 Parishes without the Walls, and at the Pesthouse 473 Plague 25â€¢",,,,,,,,,,,,,,,,,,,,,,,,,,,,,,,,,,,,,,,,,,,,,,,,,,,,
Buried in the 12 out Parishes in Middlesex and Surry 455 Plaguâ€¢ 286,,,,,,,,,,,,,,,,,,,,,,,,,,,,,,,,,,,,,,,,,,,,,,,,,,,,
â€¢t Paul Covent Garden,,,,,,,,,,,,,,,,,,,,,,,,,,,,,4,,,,,,,,,,,,,,,,,,,,,,,
Buried in the 97 Parishes within the Walls 141 Plague 56,,,,,,,,,,,,,,,,,,,,,,,,,,,,,,,,,,,,,,,,,,,,,,,,,,,,
"Buried in the 16 Parishes without the Walls, and at the Pesthouse 735 Plague 416",,,,,,,,,,,,,,,,,,,,,,,,,,,,,,,,,,,,,,,,,,,,,,,,,,,,
Buried in the 12 out Parishes in Middlesex and Surry 595 Plague 417,,,,,,,,,,,,,,,,,,,,,,,,,,,,,,,,,,,,,,,,,,,,,,,,,,,,
Alhallows Lumbardstreeâ€¢,,,,,,,,,,,,,,,,,,,,,,,,,,,,,,,,,,,,,,,,,,,,,,,,,,,,
Buried in thâ€¢ 97 Parishes within the Walls 241 Plague 128,,,,,,,,,,,,,,,,,,,,,,,,,,,,,,,,,,,,,,,,,,,,,,,,,,,,
"Buriâ€¢d n the 16 Parishes without the Walls, and at the Pesthouse 1210 Plague 755",,,,,,,,,,,,,,,,,,,,,,,,,,,,,,,,,,,,,,,,,,,,,,,,,,,,
Buried in the 12 out Parishes in Middlesex and Surrey 857 Plague 628,,,,,,,,,,,,,,,,,,,,,,,,,,,,,,,,,,,,,,,,,,,,,,,,,,,,
St Maâ€¢â€¢ le Bow,,,,,,,,,,,,,,,,,,,,,,,,,,,,,,,,,,,,,,,,,,,,,,,,,,,,
Whereâ€¢â€¢ at the Pesthouse,,,,,,,,,,,,,,,,,,,,,,,,,,,,,,,4,,,,,,,,,,,,,,,,,,,,,
Alhâ€¢llows Breadstreet,,,,,,,,,,,,,,,,,,,,,,,,,,,,,,,,,,,,,,,,,,,,,,,,,,,,
Aâ€¢â€¢â€¢llows Great,,,,,,,,,,,,,,,,,,,,,,,,,,,,,,,,2,,,,,,,,,,,,,,,,,,,,
Christned in the 97 Parishes within the Walls 39 Buried 228 Plague 111,,,,,,,,,,,,,,,,,,,,,,,,,,,,,,,,,,,,,,,,,,,,,,,,,,,,
"Christned in the 16 Parishes without the Walls 76 Buried, and at the Pesthouse 1539 Plague 990",,,,,,,,,,,,,,,,,,,,,,,,,,,,,,,,,,,,,,,,,,,,,,,,,,,,
Christned in the 12 out Parishes in Middlesex and Surrey 62 Buried 804 Plague 587,,,,,,,,,,,,,,,,,,,,,,,,,,,,,,,,,,,,,,,,,,,,,,,,,,,,
â€¢lhallows Breadstreet,,,,,,,,,,,,,,,,,,,,,,,,,,,,,,,,,1,,,,,,,,,,,,,,,,,,,
Christned in the 97 Parishes within the Walls 36 Buried 341 Plague 208,,,,,,,,,,,,,,,,,,,,,,,,,,,,,,,,,,,,,,,,,,,,,,,,,,,,
"Christned in the 16 Parishes without the Walls 67 Buried, and at the Pesthouse 1992 Plague 1280",,,,,,,,,,,,,,,,,,,,,,,,,,,,,,,,,,,,,,,,,,,,,,,,,,,,
Christâ€¢eâ€¢ in the 12 out Parishes in Middlesex and Surry 53 Buried 1105 Plague 879,,,,,,,,,,,,,,,,,,,,,,,,,,,,,,,,,,,,,,,,,,,,,,,,,,,,
St Martin in the fieldâ€¢,,,,,,,,,,,,,,,,,,,,,,,,,,,,,,,,,213,,,,,,,,,,,,,,,,,,,
St Margaret Westminsteâ€¢,,,,,,,,,,,,,,,,,,,,,,,,,,,,,,,,,173,,,,,,,,,,172,,,,,,,,,
Christned in the 97 Parishes within the Walls 38 Buried 496 Plague 304,,,,,,,,,,,,,,,,,,,,,,,,,,,,,,,,,,,,,,,,,,,,,,,,,,,,
"Christned in the 16 Parishes without the Walls 62 Buried, and at the Pesthouse 2747 Plague 1924",,,,,,,,,,,,,,,,,,,,,,,,,,,,,,,,,,,,,,,,,,,,,,,,,,,,
Christned in the 12 out Parishes in Middlesex and Surry 45 Buried 1404 Plague 1119,,,,,,,,,,,,,,,,,,,,,,,,,,,,,,,,,,,,,,,,,,,,,,,,,,,,
Alhallows Breadstreeâ€¢,,,,,,,,,,,,,,,,,,,,,,,,,,,,,,,,,,,1,,,,,,,,,,,,,,,,,
Alhallows Honylâ€¢ne,,,,,,,,,,,,,,,,,,,,,,,,,,,,,,,,,,,,,,,,,,,,,,,,,,,,
Christned in the 97 Parishes within the Walls 34 Buried 538 Plague 366,,,,,,,,,,,,,,,,,,,,,,,,,,,,,,,,,,,,,,,,,,,,,,,,,,,,
St Andrew Holâ€¢â€¢rn,,,,,,,,,,,,,,,,,,,,,,,,,,,,,,,,,,,220,,,,,,,,,,,,,,,,,
St Bridgeâ€¢,,,,,,,,,,,,,,,,,,,,,,,,,,,,,,,,,,,119,,,,,,,,,,,,,,,,,
"Christned in the 16 Parishes wâ€¢thout the Walls 61 Buried, and at the Pesthouse 2861 Plague 2139",,,,,,,,,,,,,,,,,,,,,,,,,,,,,,,,,,,,,,,,,,,,,,,,,,,,
Christned in â€¢he 12 out â€¢â€¢â€¢isheâ€¢ in Middlesex and Surrey 49 Buried 1571 Plague 1244,,,,,,,,,,,,,,,,,,,,,,,,,,,,,,,,,,,,,,,,,,,,,,,,,,,,
St Martiâ€¢ Orgâ€¢â€¢,,,,,,,,,,,,,,,,,,,,,,,,,,,,,,,,,,,6,,,,,,,,,,,,,,,,,
Ch istned in the 97 Parishes within the Walls 29 Buried 933 Plague 700,,,,,,,,,,,,,,,,,,,,,,,,,,,,,,,,,,,,,,,,,,,,,,,,,,,,
"Christned in the 16 Parishes wâ€¢thout the Walls 61 Buried, and at the Pesthouse 3637 Plague 2928",,,,,,,,,,,,,,,,,,,,,,,,,,,,,,,,,,,,,,,,,,,,,,,,,,,,
St Kath. near the Toâ€¢â€¢â€¢,,,,,,,,,,,,,,,,,,,,,,,,,,,,,,,,,,,,71,,,,,,,,,,,,,,,,
Châ€¢istned â€¢n â€¢he 12 out â€¢a â€¢hes in Middlesex and Surrey 58 Buried 2045 Plague 1759,,,,,,,,,,,,,,,,,,,,,,,,,,,,,,,,,,,,,,,,,,,,,,,,,,,,
St Michael Bâ€¢â€¢siâ€¢haw,,,,,,,,,,,,,,,,,,,,,,,,,,,,,,,,,,,,18,,,,,,,,,,,,,,,,
St Michael Coâ€¢â€¢hil,,,,,,,,,,,,,,,,,,,,,,,,,,,,,,,,,,,,1,,,,,,,,,,,,,,,,
Christned in the 97 Parishes within the Walls 34 Buried 1118 Plague 864,,,,,,,,,,,,,,,,,,,,,,,,,,,,,,,,,,,,,,,,,,,,,,,,,,,,
"â€¢hristned in the 16 Parishes without the Walls 64 Buried, and at the Pesthouse 3736 Plague 3151",,,,,,,,,,,,,,,,,,,,,,,,,,,,,,,,,,,,,,,,,,,,,,,,,,,,
Fackney Parish,,,,,,,,,,,,,,,,,,,,,,,,,,,,,,,,,,,,,10,,,,,,,,,,,,,,,
Christned in the 12 out Parishes in Middlesex and Surry 49 Buried 2549 Plague 2261,,,,,,,,,,,,,,,,,,,,,,,,,,,,,,,,,,,,,,,,,,,,,,,,,,,,
St Botolph Bishopgate,,,,,,,,,,,,,,,,,,,,,,,,,,,,,,,,,,,,,299,,,,,,,,,,,,,,,
St Steven Colemanstreat,,,,,,,,,,,,,,,,,,,,,,,,,,,,,,,,,,,,,38,,,,,,,,,,,,,,,
Christned in the 97 Parishes within the Walls 42 Buried 1154 Plague 896,,,,,,,,,,,,,,,,,,,,,,,,,,,,,,,,,,,,,,,,,,,,,,,,,,,,
St Andrew Holbâ€¢rn,,,,,,,,,,,,,,,,,,,,,,,,,,,,,,,,,,,,,,235,,,,,,,,,,,,,,
St Bartholâ€¢mew Great,,,,,,,,,,,,,,,,,,,,,,,,,,,,,,,,,,,,,,21,,,,,,,,,,,,,,
"â€¢hâ€¢istned in the 16 Parishes without the Walls 58 Buried, and at the Pesthouse 3488 Plague 2936",,,,,,,,,,,,,,,,,,,,,,,,,,,,,,,,,,,,,,,,,,,,,,,,,,,,
Châ€¢istned in the 12 out Parishes in Middlesex and Surry 43 Buried 2250 Plague 2030,,,,,,,,,,,,,,,,,,,,,,,,,,,,,,,,,,,,,,,,,,,,,,,,,,,,
Châ€¢istnâ€¢d in the 97 Parishes within the Walls 40 Buried 1493 Plague 1189,,,,,,,,,,,,,,,,,,,,,,,,,,,,,,,,,,,,,,,,,,,,,,,,,,,,
"Christned in the 16 Parishes without the Walls 65 Buried, and at the Pesthouse 3631 Plagueâ€”370",,,,,,,,,,,,,,,,,,,,,,,,,,,,,,,,,,,,,,,,,,,,,,,,,,,,
Hacâ€¢ney Parish,,,,,,,,,,,,,,,,,,,,,,,,,,,,,,,,,,,,,,,18,,,,,,,,,,,,,
Christned in the 12 out Parishes in Middlesex and Sâ€¢rrey 42 Buried 2258 Plague 2091,,,,,,,,,,,,,,,,,,,,,,,,,,,,,,,,,,,,,,,,,,,,,,,,,,,,
Alhâ€¢llows Honylane,,,,,,,,,,,,,,,,,,,,,,,,,,,,,,,,,,,,,,,,1,,,,,,,,,,,,
Châ€¢istnâ€¢d in the 97 Parishes within the Walls 38 Buried 1268 Plague 1025,,,,,,,,,,,,,,,,,,,,,,,,,,,,,,,,,,,,,,,,,,,,,,,,,,,,
"Christned in the 16 Parishes without the Walls 41 Buried, and at the Pesthouse 2688 Plague 2252",,,,,,,,,,,,,,,,,,,,,,,,,,,,,,,,,,,,,,,,,,,,,,,,,,,,
Christned in the 12 out Pariâ€¢hes iâ€¢ Middlesex and Surrey 44 Buried 1794 Pâ€¢â€¢gue 1643,,,,,,,,,,,,,,,,,,,,,,,,,,,,,,,,,,,,,,,,,,,,,,,,,,,,
St Martin Iremongerlanâ€¢,,,,,,,,,,,,,,,,,,,,,,,,,,,,,,,,,,,,,,,,2,,,,,,,,,,,,
St Michael Crookedlanâ€¢,,,,,,,,,,,,,,,,,,,,,,,,,,,,,,,,,,,,,,,,13,,,,,,,,,,,,
St Margaret Westmins er,,,,,,,,,,,,,,,,,,,,,,,,,,,,,,,,,,,,,,,,283,,,,,,,,,,,,
Christned in the 97 Parishes within the Wallsâ€” 39 Bâ€¢riedâ€” 1149 Plagueâ€” 948,,,,,,,,,,,,,,,,,,,,,,,,,,,,,,,,,,,,,,,,,,,,,,,,,,,,
"Christned in the 16 Parishes without the Wallsâ€”45 Buried, and at the Pesthouseâ€”2258 Plagueâ€” 1922",,,,,,,,,,,,,,,,,,,,,,,,,,,,,,,,,,,,,,,,,,,,,,,,,,,,
Christned in the 12 out Parishes in Middlesex and Surryâ€”40 Buriedâ€” 1623 Plagueâ€” 1469,,,,,,,,,,,,,,,,,,,,,,,,,,,,,,,,,,,,,,,,,,,,,,,,,,,,
St Matthew Fridaystreâ€¢â€¢,,,,,,,,,,,,,,,,,,,,,,,,,,,,,,,,,,,,,,,,,,,,,,,,,,,,
St Maudlin Mâ€¢lksâ€¢râ€¢et,,,,,,,,,,,,,,,,,,,,,,,,,,,,,,,,,,,,,,,,,4,,,,,,,,,,,
St Maâ€¢dlin Oldfishsâ€¢reet,,,,,,,,,,,,,,,,,,,,,,,,,,,,,,,,,,,,,,,,,6,,,,,,,,,,,
St Michael Bassâ€¢shaw,,,,,,,,,,,,,,,,,,,,,,,,,,,,,,,,,,,,,,,,,7,,,,,,,,,,,
St Mary â€¢â€¢lington,,,,,,,,,,,,,,,,,,,,,,,,,,,,,,,,,,,,,,,,,31,,,,,,,,,,,
Christned in the 97 Parishes within the Walls 31 Buried 1109 Plague 916,,,,,,,,,,,,,,,,,,,,,,,,,,,,,,,,,,,,,,,,,,,,,,,,,,,,
"Christned in the 16 Parishes without the Walls 48 Buried, and at the Pesthouse 1850 Plague 1570",,,,,,,,,,,,,,,,,,,,,,,,,,,,,,,,,,,,,,,,,,,,,,,,,,,,
Christned in the 12 out Parishes in Middlesex and Surry 38 Buried 1512 Plague 1340,,,,,,,,,,,,,,,,,,,,,,,,,,,,,,,,,,,,,,,,,,,,,,,,,,,,
Christned in the 97 Parishes within the Walls 33 Buried 774 Plague 646,,,,,,,,,,,,,,,,,,,,,,,,,,,,,,,,,,,,,,,,,,,,,,,,,,,,
Christned in the 16 Parishes wâ€¢thout the Walls 45 Buried and at thâ€¢ Pesthouâ€¢e 1150 Plague 926,,,,,,,,,,,,,,,,,,,,,,,,,,,,,,,,,,,,,,,,,,,,,,,,,,,,
Christned in the 12 out Parishes in Middlesex and Surrey 42 Buried 935 Plague 791,,,,,,,,,,,,,,,,,,,,,,,,,,,,,,,,,,,,,,,,,,,,,,,,,,,,
St Maudlin Oldfishstreâ€¢t,,,,,,,,,,,,,,,,,,,,,,,,,,,,,,,,,,,,,,,,,,,12,,,,,,,,,
St Michael Bâ€¢â€¢â€¢ishaw,,,,,,,,,,,,,,,,,,,,,,,,,,,,,,,,,,,,,,,,,,,5,,,,,,,,,
St Michael Coâ€¢nhil,,,,,,,,,,,,,,,,,,,,,,,,,,,,,,,,,,,,,,,,,,,4,,,,,,,,,
Christned in the 97 Parishes within the Walls 21 Buried 392 Plague 295,,,,,,,,,,,,,,,,,,,,,,,,,,,,,,,,,,,,,,,,,,,,,,,,,,,,
"Christned in the 16 Parishes without the Walls 34 Buried, and at the Pesthouse 603 Plague 456",,,,,,,,,,,,,,,,,,,,,,,,,,,,,,,,,,,,,,,,,,,,,,,,,,,,
Christned in the 12 out Parishes in Middlesex and Surrey 35 Buried 601 Plague 493,,,,,,,,,,,,,,,,,,,,,,,,,,,,,,,,,,,,,,,,,,,,,,,,,,,,
St Michael Crookedlark,,,,,,,,,,,,,,,,,,,,,,,,,,,,,,,,,,,,,,,,,,,,8,,,,,,,,
Christned in the 97 Parishes within the Walls 25 Buried 325 Plague 233,,,,,,,,,,,,,,,,,,,,,,,,,,,,,,,,,,,,,,,,,,,,,,,,,,,,
"Châ€¢istned in the 16 Parishes without the Walls 36 Buried, and at the Pesthouse 470 Plague 356",,,,,,,,,,,,,,,,,,,,,,,,,,,,,,,,,,,,,,,,,,,,,,,,,,,,
Christned in the 12 out Parishes in Middlesex and Surry 27 Buried 435 Plague 323,,,,,,,,,,,,,,,,,,,,,,,,,,,,,,,,,,,,,,,,,,,,,,,,,,,,
â€¢â€¢hallows Breadstreet,,,,,,,,,,,,,,,,,,,,,,,,,,,,,,,,,,,,,,,,,,,,,,1,,,,,,
â€¢lhallows Honylane,,,,,,,,,,,,,,,,,,,,,,,,,,,,,,,,,,,,,,,,,,,,,,,,,,,,
Alâ€¢allows Lesse,,,,,,,,,,,,,,,,,,,,,,,,,,,,,,,,,,,,,,,,,,,,,,7,,,,,,
â€¢lâ€¢allows Lumbardstreet,,,,,,,,,,,,,,,,,,,,,,,,,,,,,,,,,,,,,,,,,,,,,,,,,,,,
â€¢â€¢hallows Staining,,,,,,,,,,,,,,,,,,,,,,,,,,,,,,,,,,,,,,,,,,,,,,5,,,,,,
â€¢â€¢hallows the Wall,,,,,,,,,,,,,,,,,,,,,,,,,,,,,,,,,,,,,,,,,,,,,,14,,,,,,
â€¢â€¢ Dionis Backchurch,,,,,,,,,,,,,,,,,,,,,,,,,,,,,,,,,,,,,,,,,,,,,,1,,,,,,
Christned in the 97 Parishes within the Walls 23 Buried 418 Plague 314,,,,,,,,,,,,,,,,,,,,,,,,,,,,,,,,,,,,,,,,,,,,,,,,,,,,
â€¢t Andrew Holborn,,,,,,,,,,,,,,,,,,,,,,,,,,,,,,,,,,,,,,,,,,,,,,36,,,,,,
â€¢â€¢ Bartholomew Lesse,,,,,,,,,,,,,,,,,,,,,,,,,,,,,,,,,,,,,,,,,,,,,,3,,,,,,
â€¢â€¢â€¢dewel Precinct,,,,,,,,,,,,,,,,,,,,,,,,,,,,,,,,,,,,,,,,,,,,,,3,,,,,,
â€¢t Botolph Aldersgate,,,,,,,,,,,,,,,,,,,,,,,,,,,,,,,,,,,,,,,,,,,,,,14,,,,,,
"Châ€¢istned in the 16 Parishes without the Walls 32 Buried, and at the Pesthouse 546 Plague 445",,,,,,,,,,,,,,,,,,,,,,,,,,,,,,,,,,,,,,,,,,,,,,,,,,,,
â€¢t Giles in the fields,,,,,,,,,,,,,,,,,,,,,,,,,,,,,,,,,,,,,,,,,,,,,,24,,,,,,
â€¢â€¢ckney Parish,,,,,,,,,,,,,,,,,,,,,,,,,,,,,,,,,,,,,,,,,,,,,,9,,,,,,
â€¢â€¢ Kath. near the Tower,,,,,,,,,,,,,,,,,,,,,,,,,,,,,,,,,,,,,,,,,,,,,,8,,,,,,
Christned in the 12 out Parishes in Middlesex and Surry 28 Buried 609 Plague 488,,,,,,,,,,,,,,,,,,,,,,,,,,,,,,,,,,,,,,,,,,,,,,,,,,,,
Alhallows Hâ€¢â€¢ylane,,,,,,,,,,,,,,,,,,,,,,,,,,,,,,,,,,,,,,,,,,,,,,,,,,,,
Alhallows Stayninâ€¢,,,,,,,,,,,,,,,,,,,,,,,,,,,,,,,,,,,,,,,,,,,,,,,6,,,,,
St Antholins-Parish,,,,,,,,,,,,,,,,,,,,,,,,,,,,,,,,,,,,,,,,,,,,,,,,,,,,
St Diâ€¢nis Backchurch,,,,,,,,,,,,,,,,,,,,,,,,,,,,,,,,,,,,,,,,,,,,,,,,,,,,
Christned in the 97 Parishes within the Walls 92 Buried 346 Plague 262,,,,,,,,,,,,,,,,,,,,,,,,,,,,,,,,,,,,,,,,,,,,,,,,,,,,
"Châ€¢istned in the 16 Parishes without the Walls 30 Buried, and at the Pesthouse 397 Plaguâ€¢ 309",,,,,,,,,,,,,,,,,,,,,,,,,,,,,,,,,,,,,,,,,,,,,,,,,,,,
Christned in the 12 out Parishes in Middlesex and Surrey 34 Buried 460 Plague 376,,,,,,,,,,,,,,,,,,,,,,,,,,,,,,,,,,,,,,,,,,,,,,,,,,,,
â€¢lhallows Great,,,,,,,,,,,,,,,,,,,,,,,,,,,,,,,,,,,,,,,,,,,,,,,,5,,,,
â€¢â€¢hallows Honylane,,,,,,,,,,,,,,,,,,,,,,,,,,,,,,,,,,,,,,,,,,,,,,,,,,,,
Christned in the 97 Parishes within the Walls 27 Buried 195 Plague 127,,,,,,,,,,,,,,,,,,,,,,,,,,,,,,,,,,,,,,,,,,,,,,,,,,,,
"Châ€¢istned in the 16 Parishes without the Walls 31 Buried, and at the Pesthouse 298 Plague 217",,,,,,,,,,,,,,,,,,,,,,,,,,,,,,,,,,,,,,,,,,,,,,,,,,,,
Christned in the 12 out Parishes in Middlesex and Surrey 29 Buried 302 Plague 235,,,,,,,,,,,,,,,,,,,,,,,,,,,,,,,,,,,,,,,,,,,,,,,,,,,,
Christned in the 97 Parishes within the Walls 31 Buried 136 Plague 82,,,,,,,,,,,,,,,,,,,,,,,,,,,,,,,,,,,,,,,,,,,,,,,,,,,,
"Christned in the 16 Parishes without the Walls 35 Buried, and at the Pesthouse156 Plague 82",,,,,,,,,,,,,,,,,,,,,,,,,,,,,,,,,,,,,,,,,,,,,,,,,,,,
Christned in the 12 out Parishes in Middlesex and Surry 27 Buried 178 Plague 125,,,,,,,,,,,,,,,,,,,,,,,,,,,,,,,,,,,,,,,,,,,,,,,,,,,,
Christned in the 97 Parishes within the Walls 37 Buried 71 Plague 24,,,,,,,,,,,,,,,,,,,,,,,,,,,,,,,,,,,,,,,,,,,,,,,,,,,,
"Christned in the 16 Parishes without the Walls 32 Buried, and at the Pesthouse 139 Plague 64",,,,,,,,,,,,,,,,,,,,,,,,,,,,,,,,,,,,,,,,,,,,,,,,,,,,
Christned in the 12 out Parishes in Middlesex and Surry 33 Buried 160 Plague 90,,,,,,,,,,,,,,,,,,,,,,,,,,,,,,,,,,,,,,,,,,,,,,,,,,,,
Christned in the 97 Parishes within the Walls 31 Buried 94 Plague 57,,,,,,,,,,,,,,,,,,,,,,,,,,,,,,,,,,,,,,,,,,,,,,,,,,,,
"Christned in the 16 Parishes without the Walls 51 Buried, and at the Pesthouse 132 Plague 70",,,,,,,,,,,,,,,,,,,,,,,,,,,,,,,,,,,,,,,,,,,,,,,,,,,,
Christned in the 12 out Parishes in Middlesex and Surrey 38 Buried 147 Plague 74,,,,,,,,,,,,,,,,,,,,,,,,,,,,,,,,,,,,,,,,,,,,,,,,,,,,
Christned in the 97 Parishes within the Walls 39 Buried 126 Plague 66,,,,,,,,,,,,,,,,,,,,,,,,,,,,,,,,,,,,,,,,,,,,,,,,,,,,
"Christned in the 16 Parishes without the Walls 48 Buried, and at the Pesthouse 156 Plague 75",,,,,,,,,,,,,,,,,,,,,,,,,,,,,,,,,,,,,,,,,,,,,,,,,,,,
Christned in the 12 out Parishes in Middlesex and Surrey 39 Buried 187 Plague 106,,,,,,,,,,,,,,,,,,,,,,,,,,,,,,,,,,,,,,,,,,,,,,,,,,,,
Roâ€¢horith Parish,,,,,,,,,,,,,,,,,,,,,,,,,,,,,,,,,,,,,,,,,,,,,,,,,,,,5
